dataset,seed,result_epoch,source_file,source_row,mtime,accuracy,precision_macro,recall_macro,f1_macro,auc_ovr_macro,train_time_sec,inference_time_sec,inference_time_ms,memory_mb,peak_memory_mb,trainable_params,total_params,head_params,gate_count,qwc_groups,shots,table,kind,method,candidate,threshold,component
cifar10,550,6.0,table2/adaptive180/seed_550.csv,0,1790208270.0,0.829,0.8269792989515647,0.8274873971723178,0.8261354483747428,0.9804153763884734,28.17372465133667,,,,,,,,,,0.0,II,COMPONENT_RESULT,candidate_180,180.0,,confidence_linear
cifar10,550,6.0,table2/adaptive180/seed_550.csv,1,1790208270.0,0.726,0.7168511866112234,0.7242719941867588,0.7079466624205459,0.9598978130526308,28.2147057056427,,,,,,,,,,0.0,II,COMPONENT_RESULT,candidate_180,180.0,,matched_mlp
cifar10,550,6.0,table2/adaptive180/seed_550.csv,2,1790208270.0,0.772,0.7721337127305942,0.7705376092099924,0.7583747255955694,0.9719244776906052,47846.029136419296,,,,,,,,,,100.0,II,COMPONENT_RESULT,candidate_180,180.0,,ketgpt_quantum
cifar10,550,6.0,table2/adaptive180/seed_550.csv,3,1790208270.0,0.5440313111545988,0.5558379538171222,0.5695709722278873,0.5420805798521859,0.9183989192517008,28.2147057056427,,,,,,,,,,0.0,II,ROUTING_RESULT,candidate_180|threshold_0.70|matched_mlp_on_low_conf,180.0,0.7,
cifar10,550,6.0,table2/adaptive180/seed_550.csv,4,1790208270.0,0.6164383561643836,0.6428942234423369,0.6533870996139457,0.6324414053620224,0.942898564450798,47846.029136419296,,,,,,,,,,100.0,II,ROUTING_RESULT,candidate_180|threshold_0.70|ketgpt_quantum_on_low_conf,180.0,0.7,
cifar10,550,6.0,table2/adaptive180/seed_550.csv,5,1790208270.0,0.754,0.7529660525936498,0.7518069734138695,0.7433891796627441,0.96625317849095,56.38843035697937,,,,,,,,,,0.0,II,ROUTING_RESULT,candidate_180|threshold_0.70|adaptive_classical,180.0,0.7,
cifar10,550,6.0,table2/adaptive180/seed_550.csv,6,1790208270.0,0.791,0.7924962096601085,0.7893430971839075,0.7829435868371585,0.9757587543355384,47874.20286107063,,,,,,,,,,100.0,II,ROUTING_RESULT,candidate_180|threshold_0.70|adaptive_ketgpt_qtl,180.0,0.7,
cifar10,550,6.0,table2/adaptive180/seed_550.csv,7,1790208270.0,0.6082474226804123,0.623830026177213,0.6375090173802561,0.6128248944438572,0.937744468736348,28.2147057056427,,,,,,,,,,0.0,II,ROUTING_RESULT,candidate_180|threshold_0.80|matched_mlp_on_low_conf,180.0,0.8,
cifar10,550,6.0,table2/adaptive180/seed_550.csv,8,1790208270.0,0.6730486008836525,0.7009294256792776,0.7062239182709622,0.6872288344378465,0.9565180481693218,47846.029136419296,,,,,,,,,,100.0,II,ROUTING_RESULT,candidate_180|threshold_0.80|ketgpt_quantum_on_low_conf,180.0,0.8,
cifar10,550,6.0,table2/adaptive180/seed_550.csv,9,1790208270.0,0.729,0.7199591767397532,0.727230452077698,0.7108641634165229,0.9635087382617168,56.38843035697937,,,,,,,,,,0.0,II,ROUTING_RESULT,candidate_180|threshold_0.80|adaptive_classical,180.0,0.8,
cifar10,550,6.0,table2/adaptive180/seed_550.csv,10,1790208270.0,0.773,0.7738466543073689,0.7719065642206242,0.7592811962829012,0.9743010602007548,47874.20286107063,,,,,,,,,,100.0,II,ROUTING_RESULT,candidate_180|threshold_0.80|adaptive_ketgpt_qtl,180.0,0.8,
cifar10,550,6.0,table2/adaptive180/seed_550.csv,11,1790208270.0,0.7246231155778895,0.714563800980505,0.7221904552835146,0.7056725569020499,0.9598195827576856,28.2147057056427,,,,,,,,,,0.0,II,ROUTING_RESULT,candidate_180|threshold_0.90|matched_mlp_on_low_conf,180.0,0.9,
cifar10,550,6.0,table2/adaptive180/seed_550.csv,12,1790208270.0,0.770854271356784,0.7700966756935571,0.768886733528109,0.7563262169098925,0.9718532475172408,47846.029136419296,,,,,,,,,,100.0,II,ROUTING_RESULT,candidate_180|threshold_0.90|ketgpt_quantum_on_low_conf,180.0,0.9,
cifar10,550,6.0,table2/adaptive180/seed_550.csv,13,1790208270.0,0.726,0.7168511866112234,0.7242719941867588,0.7079466624205459,0.9603333609874272,56.38843035697937,,,,,,,,,,0.0,II,ROUTING_RESULT,candidate_180|threshold_0.90|adaptive_classical,180.0,0.9,
cifar10,550,6.0,table2/adaptive180/seed_550.csv,14,1790208270.0,0.772,0.7721337127305942,0.7705376092099924,0.7583747255955694,0.9723219549151436,47874.20286107063,,,,,,,,,,100.0,II,ROUTING_RESULT,candidate_180|threshold_0.90|adaptive_ketgpt_qtl,180.0,0.9,
cifar10,2026,6.0,table2/adaptive180/seed_2026.csv,0,1790207676.0,0.828,0.8310101420440039,0.8245330804403407,0.825811820320306,0.9786090289168672,28.504406929016117,,,,,,,,,,0.0,II,COMPONENT_RESULT,candidate_180,180.0,,confidence_linear
cifar10,2026,6.0,table2/adaptive180/seed_2026.csv,1,1790207676.0,0.81,0.8094012453058076,0.8079322516685503,0.8038469557977029,0.9769212963259296,28.509727478027344,,,,,,,,,,0.0,II,COMPONENT_RESULT,candidate_180,180.0,,matched_mlp
cifar10,2026,6.0,table2/adaptive180/seed_2026.csv,2,1790207676.0,0.789,0.790388775226315,0.7887252274697791,0.7860119727714494,0.9734780383348868,47251.915791511536,,,,,,,,,,100.0,II,COMPONENT_RESULT,candidate_180,180.0,,ketgpt_quantum
cifar10,2026,6.0,table2/adaptive180/seed_2026.csv,3,1790207676.0,0.6673346693386774,0.6867434158046567,0.6970082764573682,0.6809238143738522,0.950349888127668,28.509727478027344,,,,,,,,,,0.0,II,ROUTING_RESULT,candidate_180|threshold_0.70|matched_mlp_on_low_conf,180.0,0.7,
cifar10,2026,6.0,table2/adaptive180/seed_2026.csv,4,1790207676.0,0.627254509018036,0.6383326286148768,0.6341640519743756,0.6254422811451924,0.94122939837818,47251.915791511536,,,,,,,,,,100.0,II,ROUTING_RESULT,candidate_180|threshold_0.70|ketgpt_quantum_on_low_conf,180.0,0.7,
cifar10,2026,6.0,table2/adaptive180/seed_2026.csv,5,1790207676.0,0.822,0.8246939241080747,0.8206432554260148,0.8164275275348618,0.9764479551843502,57.01413440704346,,,,,,,,,,0.0,II,ROUTING_RESULT,candidate_180|threshold_0.70|adaptive_classical,180.0,0.7,
cifar10,2026,6.0,table2/adaptive180/seed_2026.csv,6,1790207676.0,0.802,0.8025846710447638,0.801906939529338,0.7991118788901196,0.9761821971650072,47280.42019844055,,,,,,,,,,100.0,II,ROUTING_RESULT,candidate_180|threshold_0.70|adaptive_ketgpt_qtl,180.0,0.7,
cifar10,2026,6.0,table2/adaptive180/seed_2026.csv,7,1790207676.0,0.7482710926694329,0.7559524488190312,0.7627126040394364,0.7537282782180708,0.9661603980915562,28.509727478027344,,,,,,,,,,0.0,II,ROUTING_RESULT,candidate_180|threshold_0.80|matched_mlp_on_low_conf,180.0,0.8,
cifar10,2026,6.0,table2/adaptive180/seed_2026.csv,8,1790207676.0,0.7206085753803596,0.7193417353147187,0.7126018095546675,0.7094734907636109,0.9622585795641544,47251.915791511536,,,,,,,,,,100.0,II,ROUTING_RESULT,candidate_180|threshold_0.80|ketgpt_quantum_on_low_conf,180.0,0.8,
cifar10,2026,6.0,table2/adaptive180/seed_2026.csv,9,1790207676.0,0.81,0.8094376946314272,0.8078251088114075,0.8037424748281257,0.9752991546247072,57.01413440704346,,,,,,,,,,0.0,II,ROUTING_RESULT,candidate_180|threshold_0.80|adaptive_classical,180.0,0.8,
cifar10,2026,6.0,table2/adaptive180/seed_2026.csv,10,1790207676.0,0.79,0.7913503264946882,0.7896426586624397,0.7870089510591955,0.975142856786846,47280.42019844055,,,,,,,,,,100.0,II,ROUTING_RESULT,candidate_180|threshold_0.80|adaptive_ketgpt_qtl,180.0,0.8,
cifar10,2026,6.0,table2/adaptive180/seed_2026.csv,11,1790207676.0,0.81,0.8094012453058076,0.8079322516685503,0.8038469557977029,0.9769212963259296,28.509727478027344,,,,,,,,,,0.0,II,ROUTING_RESULT,candidate_180|threshold_0.90|matched_mlp_on_low_conf,180.0,0.9,
cifar10,2026,6.0,table2/adaptive180/seed_2026.csv,12,1790207676.0,0.789,0.790388775226315,0.7887252274697791,0.7860119727714494,0.9734780383348868,47251.915791511536,,,,,,,,,,100.0,II,ROUTING_RESULT,candidate_180|threshold_0.90|ketgpt_quantum_on_low_conf,180.0,0.9,
cifar10,2026,6.0,table2/adaptive180/seed_2026.csv,13,1790207676.0,0.81,0.8094012453058076,0.8079322516685503,0.8038469557977029,0.9769212963259296,57.01413440704346,,,,,,,,,,0.0,II,ROUTING_RESULT,candidate_180|threshold_0.90|adaptive_classical,180.0,0.9,
cifar10,2026,6.0,table2/adaptive180/seed_2026.csv,14,1790207676.0,0.789,0.790388775226315,0.7887252274697791,0.7860119727714494,0.9734780383348868,47280.42019844055,,,,,,,,,,100.0,II,ROUTING_RESULT,candidate_180|threshold_0.90|adaptive_ketgpt_qtl,180.0,0.9,
cifar10,2026,10.0,table1/standard_qtl/seed_2026_q8_d1.csv,0,1790207493.0,0.505,0.4306631277011524,0.4833172520261224,0.4256178768882108,0.9188377384081896,21608.006945848465,,,,,,,,,,100.0,I,TABLE1_RESULT,standard_qtl/q8_d1,,,
cifar10,550,10.0,table1/standard_qtl/seed_550_q4_d4.csv,0,1790202695.0,0.615,0.6192263018099645,0.6153580997631927,0.587478795196553,0.9379885759631024,42385.81163096428,,,,,,,,,,100.0,I,TABLE1_RESULT,standard_qtl/q4_d4,,,
cifar10,2026,6.0,table1/standard_qtl/seed_2026_q6_d2.csv,0,1790200227.0,0.661,0.649239127730507,0.6560835767322497,0.6433336058239263,0.9358461480483404,18482.968525886536,,,,,,,,,,100.0,I,TABLE1_RESULT,standard_qtl/q6_d2,,,
cifar10,550,10.0,table1/standard_qtl/seed_550_q6_d2.csv,0,1790191740.0,0.6,0.5636568507530393,0.5901196997657924,0.5483766700507312,0.9362416717525596,31431.36273169517,,,,,,,,,,100.0,I,TABLE1_RESULT,standard_qtl/q6_d2,,,
cifar10,2026,10.0,table1/standard_qtl/seed_2026_q4_d2.csv,0,1790185841.0,0.393,0.5165979230804462,0.3824471480446099,0.2913720786740438,0.8795084707386419,15113.234601974487,,,,,,,,,,100.0,I,TABLE1_RESULT,standard_qtl/q4_d2,,,
cifar10,2026,10.0,table1/standard_qtl/seed_2026_q6_d1.csv,0,1790185378.0,0.458,0.4193266509449186,0.4370281096148696,0.3648762122072878,0.8728872360978382,12505.16452908516,,,,,,,,,,100.0,I,TABLE1_RESULT,standard_qtl/q6_d1,,,
cifar10,550,10.0,table1/standard_qtl/seed_550_q8_d1.csv,0,1790181703.0,0.634,0.6423484102075748,0.6230643142210226,0.5909149162613332,0.9330546694504094,21396.89042210579,,,,,,,,,,100.0,I,TABLE1_RESULT,standard_qtl/q8_d1,,,
cifar10,2026,10.0,table1/standard_qtl/seed_2026_q4_d1.csv,0,1790172834.0,0.415,0.3441569429313785,0.4058617533141145,0.326157337916534,0.8668319861271199,6399.995356798172,,,,,,,,,,100.0,I,TABLE1_RESULT,standard_qtl/q4_d1,,,
cifar10,550,9.0,table1/standard_qtl/seed_550_q6_d1.csv,0,1790171530.0,0.493,0.4840529768047741,0.495775034807669,0.4322217154225939,0.892401601367746,11226.911640644072,,,,,,,,,,100.0,I,TABLE1_RESULT,standard_qtl/q6_d1,,,
cifar10,550,10.0,table1/standard_qtl/seed_550_q4_d2.csv,0,1790170702.0,0.39,0.3956006576874696,0.373533486357859,0.3014941207096813,0.8493381012907883,10401.516459941864,,,,,,,,,,100.0,I,TABLE1_RESULT,standard_qtl/q4_d2,,,
cifar10,550,10.0,table1/standard_qtl/seed_550_q4_d1.csv,0,1790166411.0,0.306,0.2284699680733287,0.2921716470190387,0.2184863193963425,0.8249466730209216,6109.314891815186,,,,,,,,,,100.0,I,TABLE1_RESULT,standard_qtl/q4_d1,,,
cifar10,2026,6.0,table2/adaptive160/seed_2026.csv,0,1790166143.0,0.826,0.829005112243796,0.823972295400418,0.8249862950231723,0.9804669557769112,28.232617139816284,,,,,,,,,,0.0,II,COMPONENT_RESULT,candidate_160,160.0,,confidence_linear
cifar10,2026,6.0,table2/adaptive160/seed_2026.csv,1,1790166143.0,0.812,0.8147079012614873,0.8101320150914443,0.806500588588006,0.9776760977627198,28.28339433670044,,,,,,,,,,0.0,II,COMPONENT_RESULT,candidate_160,160.0,,matched_mlp
cifar10,2026,6.0,table2/adaptive160/seed_2026.csv,2,1790166143.0,0.816,0.821339848426639,0.8143005173673018,0.8145661342509503,0.9789063901710888,5768.481102228165,,,,,,,,,,100.0,II,COMPONENT_RESULT,candidate_160,160.0,,ketgpt_quantum
cifar10,2026,6.0,table2/adaptive160/seed_2026.csv,3,1790166143.0,0.6189320388349514,0.6242383329248384,0.6306878253014871,0.6134107286620301,0.9355735374476698,28.28339433670044,,,,,,,,,,0.0,II,ROUTING_RESULT,candidate_160|threshold_0.70|matched_mlp_on_low_conf,160.0,0.7,
cifar10,2026,6.0,table2/adaptive160/seed_2026.csv,4,1790166143.0,0.6237864077669902,0.6348724469773043,0.6261513743659599,0.6191884647148077,0.9364418762310546,5768.481102228165,,,,,,,,,,100.0,II,ROUTING_RESULT,candidate_160|threshold_0.70|ketgpt_quantum_on_low_conf,160.0,0.7,
cifar10,2026,6.0,table2/adaptive160/seed_2026.csv,5,1790166143.0,0.825,0.8258978472575025,0.8231942730033845,0.8199030903160169,0.9776716372588112,56.51601147651672,,,,,,,,,,0.0,II,ROUTING_RESULT,candidate_160|threshold_0.70|adaptive_classical,160.0,0.7,
cifar10,2026,6.0,table2/adaptive160/seed_2026.csv,6,1790166143.0,0.827,0.8300950970578075,0.8259243842471025,0.8255179913104849,0.980406028558844,5796.713719367981,,,,,,,,,,100.0,II,ROUTING_RESULT,candidate_160|threshold_0.70|adaptive_ketgpt_qtl,160.0,0.7,
cifar10,2026,6.0,table2/adaptive160/seed_2026.csv,7,1790166143.0,0.7001703577512777,0.7108104472781522,0.7121033341352586,0.7027316059615988,0.9556694342938276,28.28339433670044,,,,,,,,,,0.0,II,ROUTING_RESULT,candidate_160|threshold_0.80|matched_mlp_on_low_conf,160.0,0.8,
cifar10,2026,6.0,table2/adaptive160/seed_2026.csv,8,1790166143.0,0.7052810902896082,0.7218488377747604,0.707065403766918,0.7058132476647437,0.9578454813996088,5768.481102228165,,,,,,,,,,100.0,II,ROUTING_RESULT,candidate_160|threshold_0.80|ketgpt_quantum_on_low_conf,160.0,0.8,
cifar10,2026,6.0,table2/adaptive160/seed_2026.csv,9,1790166143.0,0.817,0.8189692112645268,0.8151297294847752,0.8112732757965713,0.977521280261038,56.51601147651672,,,,,,,,,,0.0,II,ROUTING_RESULT,candidate_160|threshold_0.80|adaptive_classical,160.0,0.8,
cifar10,2026,6.0,table2/adaptive160/seed_2026.csv,10,1790166143.0,0.82,0.8249540753326141,0.818284682622347,0.8185091964670563,0.9808579097645516,5796.713719367981,,,,,,,,,,100.0,II,ROUTING_RESULT,candidate_160|threshold_0.80|adaptive_ketgpt_qtl,160.0,0.8,
cifar10,2026,6.0,table2/adaptive160/seed_2026.csv,11,1790166143.0,0.7888762769580022,0.7979503896592515,0.7865027917618659,0.7851401301425225,0.9734953798100756,28.28339433670044,,,,,,,,,,0.0,II,ROUTING_RESULT,candidate_160|threshold_0.90|matched_mlp_on_low_conf,160.0,0.9,
cifar10,2026,6.0,table2/adaptive160/seed_2026.csv,12,1790166143.0,0.7922814982973894,0.8041115969304748,0.7907216545352329,0.7932712330845006,0.9743981139733392,5768.481102228165,,,,,,,,,,100.0,II,ROUTING_RESULT,candidate_160|threshold_0.90|ketgpt_quantum_on_low_conf,160.0,0.9,
cifar10,2026,6.0,table2/adaptive160/seed_2026.csv,13,1790166143.0,0.813,0.8154867668151307,0.8110754113178593,0.8073905607555354,0.9776094332348916,56.51601147651672,,,,,,,,,,0.0,II,ROUTING_RESULT,candidate_160|threshold_0.90|adaptive_classical,160.0,0.9,
cifar10,2026,6.0,table2/adaptive160/seed_2026.csv,14,1790166143.0,0.816,0.821339848426639,0.8143005173673018,0.8145661342509503,0.9791755008035856,5796.713719367981,,,,,,,,,,100.0,II,ROUTING_RESULT,candidate_160|threshold_0.90|adaptive_ketgpt_qtl,160.0,0.9,
cifar10,550,6.0,table1/ketgpt/seed_550.csv,0,1790166130.0,0.808,0.8133142493894585,0.8062805757586717,0.8083375704201057,0.9764159128789084,5812.63724899292,,,,,,,,,,100.0,I,TABLE1_RESULT,ketgpt/candidate_160,,,
cifar10,550,6.0,table2/adaptive160/seed_550.csv,0,1790166122.0,0.823,0.8245628697649782,0.8231154718543975,0.8205752043205857,0.9822084102782404,28.31829333305359,,,,,,,,,,0.0,II,COMPONENT_RESULT,candidate_160,160.0,,confidence_linear
cifar10,550,6.0,table2/adaptive160/seed_550.csv,1,1790166122.0,0.74,0.7339720384951681,0.7394978988324621,0.7291955146971482,0.9602581214184353,28.37889337539673,,,,,,,,,,0.0,II,COMPONENT_RESULT,candidate_160,160.0,,matched_mlp
cifar10,550,6.0,table2/adaptive160/seed_550.csv,2,1790166122.0,0.81,0.8085783866945662,0.8101352989507105,0.8068233072379499,0.978303681678906,5747.538223266602,,,,,,,,,,100.0,II,COMPONENT_RESULT,candidate_160,160.0,,ketgpt_quantum
cifar10,550,6.0,table2/adaptive160/seed_550.csv,3,1790166122.0,0.5126760563380282,0.5234239834239833,0.5154129369232344,0.5072314433533947,0.8907570109066828,28.37889337539673,,,,,,,,,,0.0,II,ROUTING_RESULT,candidate_160|threshold_0.70|matched_mlp_on_low_conf,160.0,0.7,
cifar10,550,6.0,table2/adaptive160/seed_550.csv,4,1790166122.0,0.5802816901408451,0.5764753033597148,0.5893759564869405,0.5774371895392281,0.9306208266592048,5747.538223266602,,,,,,,,,,100.0,II,ROUTING_RESULT,candidate_160|threshold_0.70|ketgpt_quantum_on_low_conf,160.0,0.7,
cifar10,550,6.0,table2/adaptive160/seed_550.csv,5,1790166122.0,0.792,0.7891691760190599,0.7906222394070643,0.7884791586570715,0.9725985852169032,56.69718670845032,,,,,,,,,,0.0,II,ROUTING_RESULT,candidate_160|threshold_0.70|adaptive_classical,160.0,0.7,
cifar10,550,6.0,table2/adaptive160/seed_550.csv,6,1790166122.0,0.816,0.813618203743081,0.815237444171182,0.8125427080321644,0.979709617750788,5775.856516599655,,,,,,,,,,100.0,II,ROUTING_RESULT,candidate_160|threshold_0.70|adaptive_ketgpt_qtl,160.0,0.7,
cifar10,550,6.0,table2/adaptive160/seed_550.csv,7,1790166122.0,0.5641547861507128,0.58265270406239,0.5790862362873749,0.5724038270861486,0.9152803405629438,28.37889337539673,,,,,,,,,,0.0,II,ROUTING_RESULT,candidate_160|threshold_0.80|matched_mlp_on_low_conf,160.0,0.8,
cifar10,550,6.0,table2/adaptive160/seed_550.csv,8,1790166122.0,0.6517311608961304,0.6510156221505878,0.6645202027673565,0.6525727968054376,0.9488730659715886,5747.538223266602,,,,,,,,,,100.0,II,ROUTING_RESULT,candidate_160|threshold_0.80|ketgpt_quantum_on_low_conf,160.0,0.8,
cifar10,550,6.0,table2/adaptive160/seed_550.csv,9,1790166122.0,0.772,0.7684380792125783,0.7705995528884806,0.7665382013991573,0.9704562344718076,56.69718670845032,,,,,,,,,,0.0,II,ROUTING_RESULT,candidate_160|threshold_0.80|adaptive_classical,160.0,0.8,
cifar10,550,6.0,table2/adaptive160/seed_550.csv,10,1790166122.0,0.815,0.8130188676822538,0.8150036108180447,0.8115032855675001,0.9798574416988114,5775.856516599655,,,,,,,,,,100.0,II,ROUTING_RESULT,candidate_160|threshold_0.80|adaptive_ketgpt_qtl,160.0,0.8,
cifar10,550,6.0,table2/adaptive160/seed_550.csv,11,1790166122.0,0.6434540389972145,0.6630842545808189,0.6646981434069279,0.6535917924184387,0.939940565178664,28.37889337539673,,,,,,,,,,0.0,II,ROUTING_RESULT,candidate_160|threshold_0.90|matched_mlp_on_low_conf,160.0,0.9,
cifar10,550,6.0,table2/adaptive160/seed_550.csv,12,1790166122.0,0.7395543175487466,0.7404414620402635,0.7476405901822721,0.7408274673025091,0.9657255107076026,5747.538223266602,,,,,,,,,,100.0,II,ROUTING_RESULT,candidate_160|threshold_0.90|ketgpt_quantum_on_low_conf,160.0,0.9,
cifar10,550,6.0,table2/adaptive160/seed_550.csv,13,1790166122.0,0.742,0.7356315183268373,0.7415648905644951,0.7311686803212822,0.9651409683725,56.69718670845032,,,,,,,,,,0.0,II,ROUTING_RESULT,candidate_160|threshold_0.90|adaptive_classical,160.0,0.9,
cifar10,550,6.0,table2/adaptive160/seed_550.csv,14,1790166122.0,0.811,0.8094065184105483,0.8110786951771255,0.8077305516523033,0.9793964015204744,5775.856516599655,,,,,,,,,,100.0,II,ROUTING_RESULT,candidate_160|threshold_0.90|adaptive_ketgpt_qtl,160.0,0.9,
cifar10,2026,6.0,table1/ketgpt/seed_2026.csv,0,1790165975.0,0.818,0.817444961470895,0.8160683424529669,0.8150321400161789,0.9810561187207788,5658.850334644318,,,,,,,,,,100.0,I,TABLE1_RESULT,ketgpt/candidate_160,,,
cifar10,550,6.0,table1/classical/seed_550.csv,0,1790160355.0,0.831,0.8324645170209795,0.8293576612044706,0.8284430070205542,0.981828188851566,28.68274760246277,,,,,,,,,,0.0,I,TABLE1_RESULT,classical/linear,,,
cifar10,550,10.0,table1/classical/seed_550.csv,1,1790160355.0,0.781,0.7858305086400059,0.7778787148092414,0.7781438085055897,0.9724449516441632,30.12883043289185,,,,,,,,,,0.0,I,TABLE1_RESULT,classical/matched_mlp,,,
cifar10,2026,6.0,table1/classical/seed_2026.csv,0,1790160353.0,0.815,0.8165561635178873,0.8146599989478036,0.8130556412345993,0.9778025108297892,28.36413741111756,,,,,,,,,,0.0,I,TABLE1_RESULT,classical/linear,,,
cifar10,2026,6.0,table1/classical/seed_2026.csv,1,1790160353.0,0.77,0.7740126017189324,0.7653932327245113,0.765900744484928,0.9707300896857942,28.41844916343689,,,,,,,,,,0.0,I,TABLE1_RESULT,classical/matched_mlp,,,
cifar10,48,10.0,table1/standard_qtl/seed_48_q6_d4.csv,0,1790160270.0,0.62,0.6094033109434966,0.6211251571514734,0.5779440199060366,0.9397080874393474,95079.59263730048,,,,,,,,,,100.0,I,TABLE1_RESULT,standard_qtl/q6_d4,,,
cifar10,42,10.0,table1/standard_qtl/seed_42_q6_d4.csv,0,1790129770.0,0.699,0.7006902828589661,0.6962962042229441,0.6799441571950786,0.9470963330040802,93297.03945922852,,,,,,,,,,100.0,I,TABLE1_RESULT,standard_qtl/q6_d4,,,
cifar10,48,10.0,table1/standard_qtl/seed_48_q8_d2.csv,0,1790129461.0,0.672,0.6721574029675034,0.6688533191403639,0.6569584984720025,0.9490845959389628,54241.93175506592,,,,,,,,,,100.0,I,TABLE1_RESULT,standard_qtl/q8_d2,,,
cifar10,1,10.0,table1/standard_qtl/seed_1_q6_d4.csv,0,1790104345.0,0.629,0.6212354328260423,0.6333722077026245,0.6140585260555311,0.9292927240441812,94453.28894734384,,,,,,,,,,100.0,I,TABLE1_RESULT,standard_qtl/q6_d4,,,
cifar10,48,10.0,table1/standard_qtl/seed_48_q4_d4.csv,0,1790100180.0,0.536,0.5125978944954994,0.5294177300061118,0.4815464969881084,0.92624215545154,42412.32570338249,,,,,,,,,,100.0,I,TABLE1_RESULT,standard_qtl/q4_d4,,,
cifar10,1,10.0,table1/ketgpt/seed_1.csv,0,1790099978.0,0.818,0.8179232856681441,0.8175799692649083,0.8158273517082165,0.978938510741772,9719.81285572052,,,,,,,,,,100.0,I,TABLE1_RESULT,ketgpt/candidate_160,,,
cifar10,1,10.0,table1/ketgpt/seed_1.csv,1,1790099978.0,0.806,0.804962307508721,0.8028325606490776,0.8001839533780064,0.976405014247449,80293.22460722923,,,,,,,,,,100.0,I,TABLE1_RESULT,ketgpt/candidate_180,,,
cifar10,42,10.0,table1/ketgpt/seed_42.csv,0,1790098929.0,0.797,0.7988663781295112,0.7947085993082881,0.7948789123918099,0.9749863846357822,9388.754595518112,,,,,,,,,,100.0,I,TABLE1_RESULT,ketgpt/candidate_160,,,
cifar10,42,10.0,table1/ketgpt/seed_42.csv,1,1790098929.0,0.785,0.7878448194450043,0.7819083780880312,0.7817203118914774,0.971107394522987,79575.18669581413,,,,,,,,,,100.0,I,TABLE1_RESULT,ketgpt/candidate_180,,,
cifar10,48,10.0,table1/ketgpt/seed_48.csv,0,1790098516.0,0.806,0.8061691562435003,0.8056114112030839,0.8042265549043854,0.9779756115594191,9394.546461820602,,,,,,,,,,100.0,I,TABLE1_RESULT,ketgpt/candidate_160,,,
cifar10,48,10.0,table1/ketgpt/seed_48.csv,1,1790098516.0,0.804,0.8075317236020305,0.8016665569624106,0.8029484877779351,0.976469009935034,79157.98704266548,,,,,,,,,,100.0,I,TABLE1_RESULT,ketgpt/candidate_180,,,
cifar10,48,10.0,table1/standard_qtl/seed_48_q6_d2.csv,0,1790096058.0,0.593,0.5859641634137087,0.5956788615198236,0.5524864885626022,0.9265403419913292,31330.02207326889,,,,,,,,,,100.0,I,TABLE1_RESULT,standard_qtl/q6_d2,,,
cifar10,42,10.0,table1/standard_qtl/seed_42_q8_d2.csv,0,1790095958.0,0.497,0.4619868419786512,0.4859550302345253,0.4330881260024865,0.9026745580661732,54480.4838616848,,,,,,,,,,100.0,I,TABLE1_RESULT,standard_qtl/q8_d2,,,
cifar10,48,10.0,table1/standard_qtl/seed_48_q8_d1.csv,0,1790093113.0,0.485,0.3637156072914587,0.4691578780372989,0.383624933706931,0.9124351076435356,21386.938543081284,,,,,,,,,,100.0,I,TABLE1_RESULT,standard_qtl/q8_d1,,,
cifar10,48,10.0,table2/adaptive180/seed_48.csv,0,1790090789.0,0.808,0.810877312347938,0.8078737144834953,0.8062173103424843,0.9809088840938304,3.2432310581207275,,,,,,,,,,0.0,II,COMPONENT_RESULT,candidate_180,180.0,,confidence_linear
cifar10,48,10.0,table2/adaptive180/seed_48.csv,1,1790090789.0,0.802,0.802314470311078,0.8009450243815237,0.7991250058231671,0.9718764866543512,3.811042547225952,,,,,,,,,,0.0,II,COMPONENT_RESULT,candidate_180,180.0,,matched_mlp
cifar10,48,10.0,table2/adaptive180/seed_48.csv,2,1790090789.0,0.795,0.7979578508893681,0.7943796209498867,0.7934131910509528,0.9744245486720252,80834.07618880272,,,,,,,,,,100.0,II,COMPONENT_RESULT,candidate_180,180.0,,ketgpt_quantum
cifar10,48,10.0,table2/adaptive180/seed_48.csv,3,1790090789.0,0.5785714285714286,0.5863077111464208,0.5939671573068158,0.578807719623943,0.9148402006636588,3.811042547225952,,,,,,,,,,0.0,II,ROUTING_RESULT,candidate_180|threshold_0.70|matched_mlp_on_low_conf,180.0,0.7,
cifar10,48,10.0,table2/adaptive180/seed_48.csv,4,1790090789.0,0.5321428571428571,0.5307590230802013,0.5308160782923592,0.5156516942192102,0.9183292306016746,80834.07618880272,,,,,,,,,,100.0,II,ROUTING_RESULT,candidate_180|threshold_0.70|ketgpt_quantum_on_low_conf,180.0,0.7,
cifar10,48,10.0,table2/adaptive180/seed_48.csv,5,1790090789.0,0.823,0.8219579183391392,0.8216374336287595,0.8195177118346088,0.9755742292216096,7.05427360534668,,,,,,,,,,0.0,II,ROUTING_RESULT,candidate_180|threshold_0.70|adaptive_classical,180.0,0.7,
cifar10,48,10.0,table2/adaptive180/seed_48.csv,6,1790090789.0,0.81,0.8117904392036637,0.8086933103211127,0.8084580415744164,0.9777704778202028,80837.31941986084,,,,,,,,,,100.0,II,ROUTING_RESULT,candidate_180|threshold_0.70|adaptive_ketgpt_qtl,180.0,0.7,
cifar10,48,10.0,table2/adaptive180/seed_48.csv,7,1790090789.0,0.628140703517588,0.6229087302135148,0.6244063684853158,0.6150162123050057,0.9316441924512824,3.811042547225952,,,,,,,,,,0.0,II,ROUTING_RESULT,candidate_180|threshold_0.80|matched_mlp_on_low_conf,180.0,0.8,
cifar10,48,10.0,table2/adaptive180/seed_48.csv,8,1790090789.0,0.5979899497487438,0.5988287398223877,0.6072248678639657,0.5877479327735982,0.9328369104119568,80834.07618880272,,,,,,,,,,100.0,II,ROUTING_RESULT,candidate_180|threshold_0.80|ketgpt_quantum_on_low_conf,180.0,0.8,
cifar10,48,10.0,table2/adaptive180/seed_48.csv,9,1790090789.0,0.817,0.8174213998707124,0.8159476301023819,0.8137651427064805,0.9745154682335994,7.05427360534668,,,,,,,,,,0.0,II,ROUTING_RESULT,candidate_180|threshold_0.80|adaptive_classical,180.0,0.8,
cifar10,48,10.0,table2/adaptive180/seed_48.csv,10,1790090789.0,0.805,0.807950558906281,0.804360140017615,0.803624887919225,0.9761756305914736,80837.31941986084,,,,,,,,,,100.0,II,ROUTING_RESULT,candidate_180|threshold_0.80|adaptive_ketgpt_qtl,180.0,0.8,
cifar10,48,10.0,table2/adaptive180/seed_48.csv,11,1790090789.0,0.7080645161290322,0.6988089973651087,0.7021799338273438,0.6962821016798241,0.9487518636952164,3.811042547225952,,,,,,,,,,0.0,II,ROUTING_RESULT,candidate_180|threshold_0.90|matched_mlp_on_low_conf,180.0,0.9,
cifar10,48,10.0,table2/adaptive180/seed_48.csv,12,1790090789.0,0.6838709677419355,0.6765576845109654,0.6892312501933717,0.6752229266091866,0.9520235921038196,80834.07618880272,,,,,,,,,,100.0,II,ROUTING_RESULT,candidate_180|threshold_0.90|ketgpt_quantum_on_low_conf,180.0,0.9,
cifar10,48,10.0,table2/adaptive180/seed_48.csv,13,1790090789.0,0.813,0.8126842929587564,0.8117114850013115,0.809773527673641,0.9723937650255828,7.05427360534668,,,,,,,,,,0.0,II,ROUTING_RESULT,candidate_180|threshold_0.90|adaptive_classical,180.0,0.9,
cifar10,48,10.0,table2/adaptive180/seed_48.csv,14,1790090789.0,0.798,0.8008649017881033,0.7972404483689625,0.7963281127036665,0.9752780204710628,80837.31941986084,,,,,,,,,,100.0,II,ROUTING_RESULT,candidate_180|threshold_0.90|adaptive_ketgpt_qtl,180.0,0.9,
cifar10,42,10.0,table2/adaptive180/seed_42.csv,0,1790090715.0,0.813,0.8118773697789108,0.8114224779508206,0.8107096898038325,0.980998895080654,3.252979278564453,,,,,,,,,,0.0,II,COMPONENT_RESULT,candidate_180,180.0,,confidence_linear
cifar10,42,10.0,table2/adaptive180/seed_42.csv,1,1790090715.0,0.779,0.7781990231149043,0.7757514255239739,0.7749027664487744,0.9714700428542198,3.818522691726685,,,,,,,,,,0.0,II,COMPONENT_RESULT,candidate_180,180.0,,matched_mlp
cifar10,42,10.0,table2/adaptive180/seed_42.csv,2,1790090715.0,0.77,0.7717210947374072,0.7686287628711128,0.7664565224057797,0.970788124492444,80759.34653711319,,,,,,,,,,100.0,II,COMPONENT_RESULT,candidate_180,180.0,,ketgpt_quantum
cifar10,42,10.0,table2/adaptive180/seed_42.csv,3,1790090715.0,0.5463258785942492,0.5639689833730082,0.575414766561398,0.5567125871043934,0.9210985862530404,3.818522691726685,,,,,,,,,,0.0,II,ROUTING_RESULT,candidate_180|threshold_0.70|matched_mlp_on_low_conf,180.0,0.7,
cifar10,42,10.0,table2/adaptive180/seed_42.csv,4,1790090715.0,0.5143769968051118,0.5368416053699728,0.5523741233424568,0.5329124215244638,0.912590240680992,80759.34653711319,,,,,,,,,,100.0,II,ROUTING_RESULT,candidate_180|threshold_0.70|ketgpt_quantum_on_low_conf,180.0,0.7,
cifar10,42,10.0,table2/adaptive180/seed_42.csv,5,1790090715.0,0.806,0.8040293397757482,0.8043499595623874,0.8027803513473488,0.9769255129732356,7.071501970291138,,,,,,,,,,0.0,II,ROUTING_RESULT,candidate_180|threshold_0.70|adaptive_classical,180.0,0.7,
cifar10,42,10.0,table2/adaptive180/seed_42.csv,6,1790090715.0,0.796,0.7954459093852326,0.7950171237401708,0.7930249504337231,0.9772084100278328,80762.59951639175,,,,,,,,,,100.0,II,ROUTING_RESULT,candidate_180|threshold_0.70|adaptive_ketgpt_qtl,180.0,0.7,
cifar10,42,10.0,table2/adaptive180/seed_42.csv,7,1790090715.0,0.5870535714285714,0.5952119303801946,0.6074557680658182,0.5927992465396892,0.932642288849582,3.818522691726685,,,,,,,,,,0.0,II,ROUTING_RESULT,candidate_180|threshold_0.80|matched_mlp_on_low_conf,180.0,0.8,
cifar10,42,10.0,table2/adaptive180/seed_42.csv,8,1790090715.0,0.5714285714285714,0.5911303503589195,0.5988784178847901,0.5874693454436629,0.928189922644353,80759.34653711319,,,,,,,,,,100.0,II,ROUTING_RESULT,candidate_180|threshold_0.80|ketgpt_quantum_on_low_conf,180.0,0.8,
cifar10,42,10.0,table2/adaptive180/seed_42.csv,9,1790090715.0,0.795,0.793959213472922,0.7926046124659483,0.7915156981210416,0.9764401823230204,7.071501970291138,,,,,,,,,,0.0,II,ROUTING_RESULT,candidate_180|threshold_0.80|adaptive_classical,180.0,0.8,
cifar10,42,10.0,table2/adaptive180/seed_42.csv,10,1790090715.0,0.788,0.7876606169099817,0.7865907397816834,0.7847336483776663,0.9763997787876396,80762.59951639175,,,,,,,,,,100.0,II,ROUTING_RESULT,candidate_180|threshold_0.80|adaptive_ketgpt_qtl,180.0,0.8,
cifar10,42,10.0,table2/adaptive180/seed_42.csv,11,1790090715.0,0.6804281345565749,0.683929890830791,0.6888309132219541,0.6811131088912432,0.9529536299429282,3.818522691726685,,,,,,,,,,0.0,II,ROUTING_RESULT,candidate_180|threshold_0.90|matched_mlp_on_low_conf,180.0,0.9,
cifar10,42,10.0,table2/adaptive180/seed_42.csv,12,1790090715.0,0.6620795107033639,0.676982683686119,0.6812535557286842,0.672540462054956,0.9511966876190028,80759.34653711319,,,,,,,,,,100.0,II,ROUTING_RESULT,candidate_180|threshold_0.90|ketgpt_quantum_on_low_conf,180.0,0.9,
cifar10,42,10.0,table2/adaptive180/seed_42.csv,13,1790090715.0,0.785,0.784426427047865,0.782225733067929,0.7815208516715282,0.9746620279772528,7.071501970291138,,,,,,,,,,0.0,II,ROUTING_RESULT,candidate_180|threshold_0.90|adaptive_classical,180.0,0.9,
cifar10,42,10.0,table2/adaptive180/seed_42.csv,14,1790090715.0,0.773,0.7748719106147437,0.7717943813197502,0.7695964594940155,0.9740523422716804,80762.59951639175,,,,,,,,,,100.0,II,ROUTING_RESULT,candidate_180|threshold_0.90|adaptive_ketgpt_qtl,180.0,0.9,
cifar10,1,10.0,table2/adaptive180/seed_1.csv,0,1790090097.0,0.827,0.8281059109956932,0.824275237093867,0.825478480962774,0.9830169669306508,3.3013782501220703,,,,,,,,,,0.0,II,COMPONENT_RESULT,candidate_180,180.0,,confidence_linear
cifar10,1,10.0,table2/adaptive180/seed_1.csv,1,1790090097.0,0.774,0.7778733228000525,0.7730452268144969,0.7687530392301027,0.971245734678996,3.897340774536133,,,,,,,,,,0.0,II,COMPONENT_RESULT,candidate_180,180.0,,matched_mlp
cifar10,1,10.0,table2/adaptive180/seed_1.csv,2,1790090097.0,0.792,0.7927508886188195,0.7883483061136737,0.7887017572136911,0.9708770195919804,80143.328394413,,,,,,,,,,100.0,II,COMPONENT_RESULT,candidate_180,180.0,,ketgpt_quantum
cifar10,1,10.0,table2/adaptive180/seed_1.csv,3,1790090097.0,0.4980988593155893,0.5231113202417551,0.5179625235875236,0.5121264385908696,0.906223466850237,3.897340774536133,,,,,,,,,,0.0,II,ROUTING_RESULT,candidate_180|threshold_0.70|matched_mlp_on_low_conf,180.0,0.7,
cifar10,1,10.0,table2/adaptive180/seed_1.csv,4,1790090097.0,0.5247148288973384,0.546233426704015,0.5497974933750795,0.536495797983509,0.8951537924484395,80143.328394413,,,,,,,,,,100.0,II,ROUTING_RESULT,candidate_180|threshold_0.70|ketgpt_quantum_on_low_conf,180.0,0.7,
cifar10,1,10.0,table2/adaptive180/seed_1.csv,5,1790090097.0,0.818,0.8184832144049942,0.8166072563906119,0.8163068583090265,0.9789939945344532,7.198719024658203,,,,,,,,,,0.0,II,ROUTING_RESULT,candidate_180|threshold_0.70|adaptive_classical,180.0,0.7,
cifar10,1,10.0,table2/adaptive180/seed_1.csv,6,1790090097.0,0.825,0.8249580726413435,0.8221842020026784,0.8226257907080248,0.9793222897536072,80146.62977266312,,,,,,,,,,100.0,II,ROUTING_RESULT,candidate_180|threshold_0.70|adaptive_ketgpt_qtl,180.0,0.7,
cifar10,1,10.0,table2/adaptive180/seed_1.csv,7,1790090097.0,0.5364431486880467,0.5627138116112365,0.5563379477292016,0.5531983872944971,0.919162411323414,3.897340774536133,,,,,,,,,,0.0,II,ROUTING_RESULT,candidate_180|threshold_0.80|matched_mlp_on_low_conf,180.0,0.8,
cifar10,1,10.0,table2/adaptive180/seed_1.csv,8,1790090097.0,0.5451895043731778,0.5593222445859363,0.5680083618860708,0.5552727965745021,0.907237923145607,80143.328394413,,,,,,,,,,100.0,II,ROUTING_RESULT,candidate_180|threshold_0.80|ketgpt_quantum_on_low_conf,180.0,0.8,
cifar10,1,10.0,table2/adaptive180/seed_1.csv,9,1790090097.0,0.814,0.815247247341012,0.812302681011054,0.8120710216104376,0.9789327633420112,7.198719024658203,,,,,,,,,,0.0,II,ROUTING_RESULT,candidate_180|threshold_0.80|adaptive_classical,180.0,0.8,
cifar10,1,10.0,table2/adaptive180/seed_1.csv,10,1790090097.0,0.817,0.8165020153917482,0.8140845879192099,0.814152176346741,0.9785552738574014,80146.62977266312,,,,,,,,,,100.0,II,ROUTING_RESULT,candidate_180|threshold_0.80|adaptive_ketgpt_qtl,180.0,0.8,
cifar10,1,10.0,table2/adaptive180/seed_1.csv,11,1790090097.0,0.6197183098591549,0.6434429279085206,0.6364163103184536,0.6342572249875033,0.9386924858820084,3.897340774536133,,,,,,,,,,0.0,II,ROUTING_RESULT,candidate_180|threshold_0.90|matched_mlp_on_low_conf,180.0,0.9,
cifar10,1,10.0,table2/adaptive180/seed_1.csv,12,1790090097.0,0.6217303822937625,0.6327358649854995,0.6369134885041488,0.6287740398947178,0.9283114778034977,80143.328394413,,,,,,,,,,100.0,II,ROUTING_RESULT,candidate_180|threshold_0.90|ketgpt_quantum_on_low_conf,180.0,0.9,
cifar10,1,10.0,table2/adaptive180/seed_1.csv,13,1790090097.0,0.805,0.8078010469033428,0.8036405564339812,0.8029213087527987,0.9780777766578502,7.198719024658203,,,,,,,,,,0.0,II,ROUTING_RESULT,candidate_180|threshold_0.90|adaptive_classical,180.0,0.9,
cifar10,1,10.0,table2/adaptive180/seed_1.csv,14,1790090097.0,0.806,0.8064269523847847,0.8029819157317661,0.8031847374330624,0.9763042313802236,80146.62977266312,,,,,,,,,,100.0,II,ROUTING_RESULT,candidate_180|threshold_0.90|adaptive_ketgpt_qtl,180.0,0.9,
cifar10,48,10.0,table1/standard_qtl/seed_48_q6_d1.csv,0,1790075192.0,0.466,0.4067356552623741,0.4578926590697533,0.4006431538619347,0.893449263140346,12762.321254730225,,,,,,,,,,100.0,I,TABLE1_RESULT,standard_qtl/q6_d1,,,
cifar10,48,10.0,table1/standard_qtl/seed_48_q4_d2.csv,0,1790071648.0,0.485,0.4356547186676738,0.4714882596689839,0.4329225842065661,0.8990460200246257,14253.604478359222,,,,,,,,,,100.0,I,TABLE1_RESULT,standard_qtl/q4_d2,,,
cifar10,1,10.0,table1/standard_qtl/seed_1_q8_d2.csv,0,1790065129.0,0.684,0.6944118736357499,0.6832090525681398,0.6668126791690769,0.9504685101843596,55240.77536988258,,,,,,,,,,100.0,I,TABLE1_RESULT,standard_qtl/q8_d2,,,
cifar10,42,10.0,table1/standard_qtl/seed_42_q4_d4.csv,0,1790064683.0,0.497,0.496566979780926,0.4972413390597675,0.4500546431382723,0.8916010923092221,42750.342806339264,,,,,,,,,,100.0,I,TABLE1_RESULT,standard_qtl/q4_d4,,,
cifar10,42,10.0,table1/standard_qtl/seed_42_q6_d2.csv,0,1790062403.0,0.537,0.5118360474881648,0.5194420114862981,0.4874588112681185,0.9152561029534286,30807.237552404404,,,,,,,,,,100.0,I,TABLE1_RESULT,standard_qtl/q6_d2,,,
cifar10,42,10.0,table1/standard_qtl/seed_42_q8_d1.csv,0,1790057730.0,0.578,0.581492895390761,0.5762657699374714,0.5361843572890111,0.9235385293884912,21207.84443807602,,,,,,,,,,100.0,I,TABLE1_RESULT,standard_qtl/q8_d1,,,
cifar10,48,10.0,table1/standard_qtl/seed_48_q4_d1.csv,0,1790057370.0,0.444,0.3879659654529424,0.4401678125299318,0.3517375245405383,0.8914327525061833,6000.983423233032,,,,,,,,,,100.0,I,TABLE1_RESULT,standard_qtl/q4_d1,,,
cifar10,1,10.0,table1/standard_qtl/seed_1_q4_d4.csv,0,1790051351.0,0.668,0.6644908105887032,0.6624670898533516,0.6512240575981694,0.9336690148954008,41465.290301799774,,,,,,,,,,100.0,I,TABLE1_RESULT,standard_qtl/q4_d4,,,
cifar10,1,10.0,table1/standard_qtl/seed_1_q6_d2.csv,0,1790041452.0,0.597,0.5509972596193212,0.5842701382626847,0.5380285073476118,0.9225774640605284,31567.32386112213,,,,,,,,,,100.0,I,TABLE1_RESULT,standard_qtl/q6_d2,,,
cifar10,42,10.0,table1/standard_qtl/seed_42_q4_d2.csv,0,1790036501.0,0.443,0.4056869030540516,0.433979667662544,0.4035646822578043,0.9008762235944788,14691.56298327446,,,,,,,,,,100.0,I,TABLE1_RESULT,standard_qtl/q4_d2,,,
cifar10,42,10.0,table1/standard_qtl/seed_42_q6_d1.csv,0,1790036419.0,0.463,0.4760026623368262,0.4627216151326584,0.415012231101236,0.8990726767905158,12365.289328336716,,,,,,,,,,100.0,I,TABLE1_RESULT,standard_qtl/q6_d1,,,
cifar10,1,10.0,table1/standard_qtl/seed_1_q8_d1.csv,0,1790031562.0,0.455,0.3375876083194774,0.4436664496905106,0.3506961580737419,0.8829743451155337,21678.833967208862,,,,,,,,,,100.0,I,TABLE1_RESULT,standard_qtl/q8_d1,,,
cifar10,1,10.0,table1/standard_qtl/seed_1_q4_d2.csv,0,1790024011.0,0.438,0.3610348975758802,0.4345078445561253,0.3538476876262055,0.8955632300595177,14130.220114707949,,,,,,,,,,100.0,I,TABLE1_RESULT,standard_qtl/q4_d2,,,
cifar10,1,10.0,table1/standard_qtl/seed_1_q6_d1.csv,0,1790021880.0,0.45,0.3917567242641483,0.4490133056522117,0.3780298439460682,0.8842135791947042,11999.226027727129,,,,,,,,,,100.0,I,TABLE1_RESULT,standard_qtl/q6_d1,,,
cifar10,42,10.0,table1/standard_qtl/seed_42_q4_d1.csv,0,1790021766.0,0.486,0.4689312259614125,0.4834805782216103,0.4262996331519122,0.8805507490186782,6021.736639738083,,,,,,,,,,100.0,I,TABLE1_RESULT,standard_qtl/q4_d1,,,
cifar10,1,10.0,table2/adaptive160/seed_1.csv,0,1790019638.0,0.825,0.8249947514349181,0.8217623709761511,0.8213791123686697,0.9823007278054868,3.2434377670288086,,,,,,,,,,0.0,II,COMPONENT_RESULT,candidate_160,160.0,,confidence_linear
cifar10,1,10.0,table2/adaptive160/seed_1.csv,1,1790019638.0,0.772,0.7695754739373148,0.7712677326736024,0.7618675851576984,0.970690141945554,3.836073160171509,,,,,,,,,,0.0,II,COMPONENT_RESULT,candidate_160,160.0,,matched_mlp
cifar10,1,10.0,table2/adaptive160/seed_1.csv,2,1790019638.0,0.824,0.8217061549398796,0.8229457825202079,0.8210940119096086,0.97919728674754,9732.159004449844,,,,,,,,,,100.0,II,COMPONENT_RESULT,candidate_160,160.0,,ketgpt_quantum
cifar10,1,10.0,table2/adaptive160/seed_1.csv,3,1790019638.0,0.5,0.5188850338115044,0.5178244446531387,0.5055597613559791,0.9081003089647892,3.836073160171509,,,,,,,,,,0.0,II,ROUTING_RESULT,candidate_160|threshold_0.70|matched_mlp_on_low_conf,160.0,0.7,
cifar10,1,10.0,table2/adaptive160/seed_1.csv,4,1790019638.0,0.5538461538461539,0.5493659283326466,0.5528388066732505,0.5457515116825524,0.9211505134700272,9732.159004449844,,,,,,,,,,100.0,II,ROUTING_RESULT,candidate_160|threshold_0.70|ketgpt_quantum_on_low_conf,160.0,0.7,
cifar10,1,10.0,table2/adaptive160/seed_1.csv,5,1790019638.0,0.815,0.8155330134950127,0.8129691197387233,0.8119697592306542,0.9779632966028968,7.079510927200317,,,,,,,,,,0.0,II,ROUTING_RESULT,candidate_160|threshold_0.70|adaptive_classical,160.0,0.7,
cifar10,1,10.0,table2/adaptive160/seed_1.csv,6,1790019638.0,0.829,0.8260033245124296,0.8273279373613809,0.8260958635529381,0.9814758419890064,9735.402442216871,,,,,,,,,,100.0,II,ROUTING_RESULT,candidate_160|threshold_0.70|adaptive_ketgpt_qtl,160.0,0.7,
cifar10,1,10.0,table2/adaptive160/seed_1.csv,7,1790019638.0,0.5495750708215298,0.5616339178839178,0.5681001205467525,0.5565365231051959,0.9203631339713092,3.836073160171509,,,,,,,,,,0.0,II,ROUTING_RESULT,candidate_160|threshold_0.80|matched_mlp_on_low_conf,160.0,0.8,
cifar10,1,10.0,table2/adaptive160/seed_1.csv,8,1790019638.0,0.6005665722379604,0.6061198062146846,0.6130580421318087,0.6053308250798619,0.9296617735974566,9732.159004449844,,,,,,,,,,100.0,II,ROUTING_RESULT,candidate_160|threshold_0.80|ketgpt_quantum_on_low_conf,160.0,0.8,
cifar10,1,10.0,table2/adaptive160/seed_1.csv,9,1790019638.0,0.811,0.8120274470481219,0.8093675729861802,0.8081553753349912,0.977944212452481,7.079510927200317,,,,,,,,,,0.0,II,ROUTING_RESULT,candidate_160|threshold_0.80|adaptive_classical,160.0,0.8,
cifar10,1,10.0,table2/adaptive160/seed_1.csv,10,1790019638.0,0.829,0.8263793981426598,0.8275834343438971,0.8259824764334424,0.9818652773680372,9735.402442216871,,,,,,,,,,100.0,II,ROUTING_RESULT,candidate_160|threshold_0.80|adaptive_ketgpt_qtl,160.0,0.8,
cifar10,1,10.0,table2/adaptive160/seed_1.csv,11,1790019638.0,0.6146245059288538,0.6308699492670085,0.635963843885248,0.6244334927475026,0.9364994607697644,3.836073160171509,,,,,,,,,,0.0,II,ROUTING_RESULT,candidate_160|threshold_0.90|matched_mlp_on_low_conf,160.0,0.9,
cifar10,1,10.0,table2/adaptive160/seed_1.csv,12,1790019638.0,0.6620553359683794,0.669171821050633,0.6753244316114196,0.6699966418627138,0.946265274044263,9732.159004449844,,,,,,,,,,100.0,II,ROUTING_RESULT,candidate_160|threshold_0.90|ketgpt_quantum_on_low_conf,160.0,0.9,
cifar10,1,10.0,table2/adaptive160/seed_1.csv,13,1790019638.0,0.799,0.8006993335936524,0.797481324906612,0.7954343633066747,0.9766212734515296,7.079510927200317,,,,,,,,,,0.0,II,ROUTING_RESULT,candidate_160|threshold_0.90|adaptive_classical,160.0,0.9,
cifar10,1,10.0,table2/adaptive160/seed_1.csv,14,1790019638.0,0.823,0.82063661793767,0.8218677658766573,0.8199994132971469,0.981917088792874,9735.402442216871,,,,,,,,,,100.0,II,ROUTING_RESULT,candidate_160|threshold_0.90|adaptive_ketgpt_qtl,160.0,0.9,
cifar10,42,10.0,table2/adaptive160/seed_42.csv,0,1790019542.0,0.817,0.8191885905299419,0.8145285032924056,0.8148373786396206,0.9806970238461712,3.305366039276123,,,,,,,,,,0.0,II,COMPONENT_RESULT,candidate_160,160.0,,confidence_linear
cifar10,42,10.0,table2/adaptive160/seed_42.csv,1,1790019542.0,0.809,0.8107383614314644,0.8069626763618958,0.806979276673758,0.9743311927616856,3.901401042938232,,,,,,,,,,0.0,II,COMPONENT_RESULT,candidate_160,160.0,,matched_mlp
cifar10,42,10.0,table2/adaptive160/seed_42.csv,2,1790019542.0,0.829,0.8294753281537531,0.8268557766413286,0.8276779329953401,0.9829637563722268,9636.126261234283,,,,,,,,,,100.0,II,COMPONENT_RESULT,candidate_160,160.0,,ketgpt_quantum
cifar10,42,10.0,table2/adaptive160/seed_42.csv,3,1790019542.0,0.5916030534351145,0.6184770270769083,0.5942555199386319,0.5938211209286663,0.9210125997750496,3.901401042938232,,,,,,,,,,0.0,II,ROUTING_RESULT,candidate_160|threshold_0.70|matched_mlp_on_low_conf,160.0,0.7,
cifar10,42,10.0,table2/adaptive160/seed_42.csv,4,1790019542.0,0.6030534351145038,0.620100135384988,0.6160639202669562,0.6159738267916225,0.9311667441165756,9636.126261234283,,,,,,,,,,100.0,II,ROUTING_RESULT,candidate_160|threshold_0.70|ketgpt_quantum_on_low_conf,160.0,0.7,
cifar10,42,10.0,table2/adaptive160/seed_42.csv,5,1790019542.0,0.832,0.8313427908165048,0.8291107137213464,0.8292279138675962,0.9792562400082916,7.2067670822143555,,,,,,,,,,0.0,II,ROUTING_RESULT,candidate_160|threshold_0.70|adaptive_classical,160.0,0.7,
cifar10,42,10.0,table2/adaptive160/seed_42.csv,6,1790019542.0,0.835,0.8345369213233618,0.8324297565078107,0.8326713214083279,0.9811469541510852,9639.43162727356,,,,,,,,,,100.0,II,ROUTING_RESULT,candidate_160|threshold_0.70|adaptive_ketgpt_qtl,160.0,0.7,
cifar10,42,10.0,table2/adaptive160/seed_42.csv,7,1790019542.0,0.624,0.6421363229619491,0.6301623062472819,0.629386300322582,0.9335905436205212,3.901401042938232,,,,,,,,,,0.0,II,ROUTING_RESULT,candidate_160|threshold_0.80|matched_mlp_on_low_conf,160.0,0.8,
cifar10,42,10.0,table2/adaptive160/seed_42.csv,8,1790019542.0,0.6533333333333333,0.6651892419533565,0.6674339609040107,0.6638814657450294,0.9460380233175224,9636.126261234283,,,,,,,,,,100.0,II,ROUTING_RESULT,candidate_160|threshold_0.80|ketgpt_quantum_on_low_conf,160.0,0.8,
cifar10,42,10.0,table2/adaptive160/seed_42.csv,9,1790019542.0,0.826,0.8268353587179298,0.8231457467071758,0.8234863603970949,0.9787621542714666,7.2067670822143555,,,,,,,,,,0.0,II,ROUTING_RESULT,candidate_160|threshold_0.80|adaptive_classical,160.0,0.8,
cifar10,42,10.0,table2/adaptive160/seed_42.csv,10,1790019542.0,0.837,0.8363162507952717,0.8345622804888875,0.8347969930574906,0.9812917702741906,9639.43162727356,,,,,,,,,,100.0,II,ROUTING_RESULT,candidate_160|threshold_0.80|adaptive_ketgpt_qtl,160.0,0.8,
cifar10,42,10.0,table2/adaptive160/seed_42.csv,11,1790019542.0,0.6824196597353497,0.6977231341525061,0.6881785353215476,0.6891507160174623,0.9432389228516876,3.901401042938232,,,,,,,,,,0.0,II,ROUTING_RESULT,candidate_160|threshold_0.90|matched_mlp_on_low_conf,160.0,0.9,
cifar10,42,10.0,table2/adaptive160/seed_42.csv,12,1790019542.0,0.7032136105860114,0.7136255751205085,0.7090335734078318,0.7102199309357813,0.9578832299312412,9636.126261234283,,,,,,,,,,100.0,II,ROUTING_RESULT,candidate_160|threshold_0.90|ketgpt_quantum_on_low_conf,160.0,0.9,
cifar10,42,10.0,table2/adaptive160/seed_42.csv,13,1790019542.0,0.821,0.8219101187559195,0.8184159652482773,0.8189078485786169,0.9777606186194784,7.2067670822143555,,,,,,,,,,0.0,II,ROUTING_RESULT,candidate_160|threshold_0.90|adaptive_classical,160.0,0.9,
cifar10,42,10.0,table2/adaptive160/seed_42.csv,14,1790019542.0,0.832,0.8322508812998042,0.8299015118766249,0.830463071943233,0.9829196900698476,9639.43162727356,,,,,,,,,,100.0,II,ROUTING_RESULT,candidate_160|threshold_0.90|adaptive_ketgpt_qtl,160.0,0.9,
cifar10,48,10.0,table2/adaptive160/seed_48.csv,0,1790019252.0,0.819,0.8235770037185006,0.8180671387935238,0.8185033992366046,0.9803352462797422,3.2596492767333984,,,,,,,,,,0.0,II,COMPONENT_RESULT,candidate_160,160.0,,confidence_linear
cifar10,48,10.0,table2/adaptive160/seed_48.csv,1,1790019252.0,0.792,0.7932478167548326,0.7911380557874294,0.7897577875702482,0.9698872907122832,3.865100383758545,,,,,,,,,,0.0,II,COMPONENT_RESULT,candidate_160,160.0,,matched_mlp
cifar10,48,10.0,table2/adaptive160/seed_48.csv,2,1790019252.0,0.823,0.8264061002526961,0.8219029522135761,0.8223320447358121,0.9800311656029066,9347.994020700457,,,,,,,,,,100.0,II,COMPONENT_RESULT,candidate_160,160.0,,ketgpt_quantum
cifar10,48,10.0,table2/adaptive160/seed_48.csv,3,1790019252.0,0.549800796812749,0.5596076333550447,0.5368427305730529,0.5403490590686074,0.9089475813914312,3.865100383758545,,,,,,,,,,0.0,II,ROUTING_RESULT,candidate_160|threshold_0.70|matched_mlp_on_low_conf,160.0,0.7,
cifar10,48,10.0,table2/adaptive160/seed_48.csv,4,1790019252.0,0.6215139442231076,0.6138308249721293,0.6003171773392914,0.6000899680417804,0.928844804801248,9347.994020700457,,,,,,,,,,100.0,II,ROUTING_RESULT,candidate_160|threshold_0.70|ketgpt_quantum_on_low_conf,160.0,0.7,
cifar10,48,10.0,table2/adaptive160/seed_48.csv,5,1790019252.0,0.819,0.8220309326410996,0.8177474434148676,0.8173951764634747,0.9769089052629566,7.124749660491943,,,,,,,,,,0.0,II,ROUTING_RESULT,candidate_160|threshold_0.70|adaptive_classical,160.0,0.7,
cifar10,48,10.0,table2/adaptive160/seed_48.csv,6,1790019252.0,0.837,0.8398697313599527,0.8357730183093693,0.8363888451025459,0.9797506060944896,9351.253669977188,,,,,,,,,,100.0,II,ROUTING_RESULT,candidate_160|threshold_0.70|adaptive_ketgpt_qtl,160.0,0.7,
cifar10,48,10.0,table2/adaptive160/seed_48.csv,7,1790019252.0,0.5805555555555556,0.5910423400129282,0.580593672301893,0.5796034775718425,0.917858539272172,3.865100383758545,,,,,,,,,,0.0,II,ROUTING_RESULT,candidate_160|threshold_0.80|matched_mlp_on_low_conf,160.0,0.8,
cifar10,48,10.0,table2/adaptive160/seed_48.csv,8,1790019252.0,0.6444444444444445,0.6480595687641284,0.6433689246114063,0.6348332346274951,0.942848376910806,9347.994020700457,,,,,,,,,,100.0,II,ROUTING_RESULT,candidate_160|threshold_0.80|ketgpt_quantum_on_low_conf,160.0,0.8,
cifar10,48,10.0,table2/adaptive160/seed_48.csv,9,1790019252.0,0.812,0.8138177209491481,0.8098215406612018,0.8092407826146886,0.9742571846786452,7.124749660491943,,,,,,,,,,0.0,II,ROUTING_RESULT,candidate_160|threshold_0.80|adaptive_classical,160.0,0.8,
cifar10,48,10.0,table2/adaptive160/seed_48.csv,10,1790019252.0,0.835,0.8368882703301607,0.833505943247437,0.8339260901871779,0.9799858295753594,9351.253669977188,,,,,,,,,,100.0,II,ROUTING_RESULT,candidate_160|threshold_0.80|adaptive_ketgpt_qtl,160.0,0.8,
cifar10,48,10.0,table2/adaptive160/seed_48.csv,11,1790019252.0,0.6648148148148149,0.6713476103868188,0.6622466301814127,0.6628051570978688,0.940980475908445,3.865100383758545,,,,,,,,,,0.0,II,ROUTING_RESULT,candidate_160|threshold_0.90|matched_mlp_on_low_conf,160.0,0.9,
cifar10,48,10.0,table2/adaptive160/seed_48.csv,12,1790019252.0,0.7111111111111111,0.7128965942455219,0.7083429613864397,0.7030315415770227,0.960170868932864,9347.994020700457,,,,,,,,,,100.0,II,ROUTING_RESULT,candidate_160|threshold_0.90|ketgpt_quantum_on_low_conf,160.0,0.9,
cifar10,48,10.0,table2/adaptive160/seed_48.csv,13,1790019252.0,0.803,0.8044094237358959,0.8015184104847053,0.8007589547206958,0.972707857126623,7.124749660491943,,,,,,,,,,0.0,II,ROUTING_RESULT,candidate_160|threshold_0.90|adaptive_classical,160.0,0.9,
cifar10,48,10.0,table2/adaptive160/seed_48.csv,14,1790019252.0,0.828,0.8310701954671513,0.8266275105619165,0.8271855918878053,0.980139167506414,9351.253669977188,,,,,,,,,,100.0,II,ROUTING_RESULT,candidate_160|threshold_0.90|adaptive_ketgpt_qtl,160.0,0.9,
cifar10,1,10.0,table1/standard_qtl/seed_1_q4_d1.csv,0,1790015713.0,0.322,0.2609548613833558,0.3141550642694956,0.2184960055708645,0.8446489977278855,5834.067754268646,,,,,,,,,,100.0,I,TABLE1_RESULT,standard_qtl/q4_d1,,,
cifar10,1,10.0,table1/classical/seed_1.csv,0,1790009880.0,0.82,0.8206391755375545,0.8177675169730824,0.816040978884575,0.980747663895485,3.2926595211029053,,,,,,,,,,0.0,I,TABLE1_RESULT,classical/linear,,,
cifar10,1,10.0,table1/classical/seed_1.csv,1,1790009880.0,0.814,0.8146655109629769,0.8120318172490256,0.8099925649277948,0.9744438352431364,3.8743720054626474,,,,,,,,,,0.0,I,TABLE1_RESULT,classical/matched_mlp,,,
cifar10,42,10.0,table1/classical/seed_42.csv,0,1790009880.0,0.813,0.8132454794293803,0.8104432141213576,0.8106283473016465,0.980817927933589,3.2883646488189697,,,,,,,,,,0.0,I,TABLE1_RESULT,classical/linear,,,
cifar10,42,10.0,table1/classical/seed_42.csv,1,1790009880.0,0.803,0.8112248644674022,0.8009773582058669,0.8026367669359452,0.9756629819732564,3.8865344524383545,,,,,,,,,,0.0,I,TABLE1_RESULT,classical/matched_mlp,,,
cifar10,48,10.0,table1/classical/seed_48.csv,0,1790009880.0,0.81,0.8106471317382283,0.8090062505109552,0.8074941417731486,0.9809522886634048,3.277790069580078,,,,,,,,,,0.0,I,TABLE1_RESULT,classical/linear,,,
cifar10,48,10.0,table1/classical/seed_48.csv,1,1790009880.0,0.821,0.8228669632813095,0.8200499059428225,0.8204141737833128,0.9761862637316276,3.906760215759277,,,,,,,,,,0.0,I,TABLE1_RESULT,classical/matched_mlp,,,
cifar10,550,,table1/ketgpt/seed_550_candidates.csv,1,1790160299.0,,,,,,,,,,,,,,49.0,,,I,TABLE1_RESULT,ketgpt/candidate_180,,,
cifar10,2026,,table1/ketgpt/seed_2026_candidates.csv,1,1790160298.0,,,,,,,,,,,,,,49.0,,,I,TABLE1_RESULT,ketgpt/candidate_180,,,
kmnist,1,10.0,table1/standard_qtl/seed_1_q6_d4.csv,0,1790206970.0,0.53,0.5515314901558901,0.5313814952718238,0.5311527948778205,0.8761028821751621,93394.55678486824,,,,,,,,,,100.0,I,TABLE1_RESULT,standard_qtl/q6_d4,,,
kmnist,48,10.0,table1/standard_qtl/seed_48_q6_d2.csv,0,1790206467.0,0.427,0.4276244783688051,0.4305827748480319,0.3989021577530588,0.8201966936705949,31084.9471282959,,,,,,,,,,100.0,I,TABLE1_RESULT,standard_qtl/q6_d2,,,
kmnist,550,10.0,table1/standard_qtl/seed_550_q8_d1.csv,0,1790199578.0,0.409,0.4493214042822951,0.4103339683332695,0.3732261323588579,0.8201816808191434,21789.4323694706,,,,,,,,,,100.0,I,TABLE1_RESULT,standard_qtl/q8_d1,,,
kmnist,42,10.0,table1/standard_qtl/seed_42_q4_d4.csv,0,1790199396.0,0.462,0.460379087249487,0.4621277994350755,0.4424039765251827,0.8450978462400439,42570.61914658546,,,,,,,,,,100.0,I,TABLE1_RESULT,standard_qtl/q4_d4,,,
kmnist,2026,10.0,table1/standard_qtl/seed_2026_q8_d1.csv,0,1790199207.0,0.376,0.3961677518823046,0.3750499174286538,0.3320628578916581,0.8290304181712038,21419.82139825821,,,,,,,,,,100.0,I,TABLE1_RESULT,standard_qtl/q8_d1,,,
kmnist,1,10.0,table2/adaptive180/seed_1.csv,0,1790191239.0,0.712,0.7333045541480168,0.7124264768284292,0.7128509987994095,0.940384832389976,3.444864273071289,,,,,,,,,,0.0,II,COMPONENT_RESULT,candidate_180,180.0,,confidence_linear
kmnist,1,10.0,table2/adaptive180/seed_1.csv,1,1790191239.0,0.663,0.668799230822356,0.6635738516252653,0.6587399616016572,0.9199463313604952,4.073370456695557,,,,,,,,,,0.0,II,COMPONENT_RESULT,candidate_180,180.0,,matched_mlp
kmnist,1,10.0,table2/adaptive180/seed_1.csv,2,1790191239.0,0.687,0.6962024876171264,0.6888928288868902,0.6883369917723945,0.9247306356595772,77596.75394797325,,,,,,,,,,100.0,II,COMPONENT_RESULT,candidate_180,180.0,,ketgpt_quantum
kmnist,1,10.0,table2/adaptive180/seed_1.csv,3,1790191239.0,0.4931237721021611,0.4812509122762464,0.4882406578400816,0.4711966698411582,0.8562016244006712,4.073370456695557,,,,,,,,,,0.0,II,ROUTING_RESULT,candidate_180|threshold_0.70|matched_mlp_on_low_conf,180.0,0.7,
kmnist,1,10.0,table2/adaptive180/seed_1.csv,4,1790191239.0,0.5029469548133595,0.5148213338513198,0.5003724764026545,0.4989214964271035,0.8610339193850278,77596.75394797325,,,,,,,,,,100.0,II,ROUTING_RESULT,candidate_180|threshold_0.70|ketgpt_quantum_on_low_conf,180.0,0.7,
kmnist,1,10.0,table2/adaptive180/seed_1.csv,5,1790191239.0,0.696,0.704893912365762,0.6968746494689136,0.6929542210405554,0.9289136969764328,7.518234729766846,,,,,,,,,,0.0,II,ROUTING_RESULT,candidate_180|threshold_0.70|adaptive_classical,180.0,0.7,
kmnist,1,10.0,table2/adaptive180/seed_1.csv,6,1790191239.0,0.701,0.7105351826860503,0.7030351131300715,0.7022460496110792,0.934965387193585,77600.19881224632,,,,,,,,,,100.0,II,ROUTING_RESULT,candidate_180|threshold_0.70|adaptive_ketgpt_qtl,180.0,0.7,
kmnist,1,10.0,table2/adaptive180/seed_1.csv,7,1790191239.0,0.5188679245283019,0.512602774116114,0.5111589325863795,0.5001663979991926,0.8657761143290978,4.073370456695557,,,,,,,,,,0.0,II,ROUTING_RESULT,candidate_180|threshold_0.80|matched_mlp_on_low_conf,180.0,0.8,
kmnist,1,10.0,table2/adaptive180/seed_1.csv,8,1790191239.0,0.5471698113207547,0.5636150401663984,0.5483662335328762,0.5487907551855729,0.8727938938502089,77596.75394797325,,,,,,,,,,100.0,II,ROUTING_RESULT,candidate_180|threshold_0.80|ketgpt_quantum_on_low_conf,180.0,0.8,
kmnist,1,10.0,table2/adaptive180/seed_1.csv,9,1790191239.0,0.674,0.6815131657696442,0.6747212997866553,0.6704940482891651,0.9235908920727832,7.518234729766846,,,,,,,,,,0.0,II,ROUTING_RESULT,candidate_180|threshold_0.80|adaptive_classical,180.0,0.8,
kmnist,1,10.0,table2/adaptive180/seed_1.csv,10,1790191239.0,0.692,0.7023498217733936,0.6936501271054912,0.6934999547523024,0.930509745082848,77600.19881224632,,,,,,,,,,100.0,II,ROUTING_RESULT,candidate_180|threshold_0.80|adaptive_ketgpt_qtl,180.0,0.8,
kmnist,1,10.0,table2/adaptive180/seed_1.csv,11,1790191239.0,0.6045949214026602,0.6008862949304303,0.5960973209721493,0.5883710591748913,0.8976825153801815,4.073370456695557,,,,,,,,,,0.0,II,ROUTING_RESULT,candidate_180|threshold_0.90|matched_mlp_on_low_conf,180.0,0.9,
kmnist,1,10.0,table2/adaptive180/seed_1.csv,12,1790191239.0,0.6287787182587666,0.6392026298730543,0.6273172172186244,0.6275087009442796,0.9022130568952644,77596.75394797325,,,,,,,,,,100.0,II,ROUTING_RESULT,candidate_180|threshold_0.90|ketgpt_quantum_on_low_conf,180.0,0.9,
kmnist,1,10.0,table2/adaptive180/seed_1.csv,13,1790191239.0,0.665,0.6715369653868796,0.6656110875722756,0.6607925813254544,0.9219315491517288,7.518234729766846,,,,,,,,,,0.0,II,ROUTING_RESULT,candidate_180|threshold_0.90|adaptive_classical,180.0,0.9,
kmnist,1,10.0,table2/adaptive180/seed_1.csv,14,1790191239.0,0.685,0.6950216605270572,0.6868265159183217,0.6864543251639599,0.9256816678044082,77600.19881224632,,,,,,,,,,100.0,II,ROUTING_RESULT,candidate_180|threshold_0.90|adaptive_ketgpt_qtl,180.0,0.9,
kmnist,48,10.0,table1/standard_qtl/seed_48_q8_d1.csv,0,1790177762.0,0.359,0.3585238652712229,0.3625679345413093,0.3360927161592192,0.8157518575983526,21177.307723522183,,,,,,,,,,100.0,I,TABLE1_RESULT,standard_qtl/q8_d1,,,
kmnist,42,10.0,table1/standard_qtl/seed_42_q6_d2.csv,0,1790175356.0,0.432,0.4521313169189733,0.4312409145524601,0.4186847473383667,0.8622443799265247,30838.51866054535,,,,,,,,,,100.0,I,TABLE1_RESULT,standard_qtl/q6_d2,,,
kmnist,550,10.0,table1/standard_qtl/seed_550_q4_d2.csv,0,1790169398.0,0.316,0.2461758499436296,0.3201897805093596,0.2608150435308142,0.792891872292204,10864.455229997637,,,,,,,,,,100.0,I,TABLE1_RESULT,standard_qtl/q4_d2,,,
kmnist,2026,10.0,table1/standard_qtl/seed_2026_q4_d2.csv,0,1790169052.0,0.382,0.3554892466402749,0.3868595347092296,0.3359151249143944,0.8476984918375665,10519.41184449196,,,,,,,,,,100.0,I,TABLE1_RESULT,standard_qtl/q4_d2,,,
kmnist,1,10.0,table1/standard_qtl/seed_1_q8_d2.csv,0,1790168038.0,0.464,0.4752537826403741,0.4644456774828443,0.4411874867459516,0.8496935913227975,54465.2418513298,,,,,,,,,,100.0,I,TABLE1_RESULT,standard_qtl/q8_d2,,,
kmnist,2026,10.0,table1/standard_qtl/seed_2026_q6_d1.csv,0,1790163509.0,0.315,0.3981914273693266,0.3166783005478247,0.2888846751576888,0.80562897470342,12579.274293661118,,,,,,,,,,100.0,I,TABLE1_RESULT,standard_qtl/q6_d1,,,
kmnist,550,10.0,table1/standard_qtl/seed_550_q6_d1.csv,0,1790163496.0,0.343,0.3473096047945082,0.3387312772553926,0.3136549320474038,0.8071237206310935,12566.47925710678,,,,,,,,,,100.0,I,TABLE1_RESULT,standard_qtl/q6_d1,,,
kmnist,48,10.0,table1/standard_qtl/seed_48_q4_d2.csv,0,1790158425.0,0.325,0.3250453774695576,0.3180901588561419,0.2976511748770758,0.8190940215638433,14991.86581659317,,,,,,,,,,100.0,I,TABLE1_RESULT,standard_qtl/q4_d2,,,
kmnist,1,10.0,table1/standard_qtl/seed_1_q4_d4.csv,0,1790156801.0,0.408,0.4119578927948043,0.4160767235583643,0.3856263234643622,0.8440274491128967,43230.25503063202,,,,,,,,,,100.0,I,TABLE1_RESULT,standard_qtl/q4_d4,,,
kmnist,42,10.0,table1/standard_qtl/seed_42_q8_d1.csv,0,1790156536.0,0.391,0.3852843398613731,0.3899348052322369,0.3660255588719857,0.7782279064853836,21508.672451496124,,,,,,,,,,100.0,I,TABLE1_RESULT,standard_qtl/q8_d1,,,
kmnist,48,10.0,table1/standard_qtl/seed_48_q6_d1.csv,0,1790150899.0,0.367,0.3384736719679116,0.3693819442824583,0.34141551298429,0.8252928922728904,12511.082282543182,,,,,,,,,,100.0,I,TABLE1_RESULT,standard_qtl/q6_d1,,,
kmnist,550,6.0,table2/adaptive160/seed_550.csv,0,1790149389.0,0.641,0.6698867260618444,0.6433895844554668,0.6420973727261688,0.9259576571688546,24.28199577331543,,,,,,,,,,0.0,II,COMPONENT_RESULT,candidate_160,160.0,,confidence_linear
kmnist,550,6.0,table2/adaptive160/seed_550.csv,1,1790149389.0,0.626,0.6663502726948204,0.6305207975440511,0.6261252791771212,0.9154135001041884,24.444276809692383,,,,,,,,,,0.0,II,COMPONENT_RESULT,candidate_160,160.0,,matched_mlp
kmnist,550,6.0,table2/adaptive160/seed_550.csv,2,1790149389.0,0.629,0.643270374201593,0.6334330439917093,0.6276726301535616,0.915577924004464,6011.251384973526,,,,,,,,,,100.0,II,COMPONENT_RESULT,candidate_160,160.0,,ketgpt_quantum
kmnist,550,6.0,table2/adaptive160/seed_550.csv,3,1790149389.0,0.5105189340813464,0.5609830666900668,0.5193956700038702,0.5114165264377124,0.873670177861183,24.444276809692383,,,,,,,,,,0.0,II,ROUTING_RESULT,candidate_160|threshold_0.70|matched_mlp_on_low_conf,160.0,0.7,
kmnist,550,6.0,table2/adaptive160/seed_550.csv,4,1790149389.0,0.5105189340813464,0.5149994412568337,0.508704000362801,0.4966792261623144,0.8725828691275863,6011.251384973526,,,,,,,,,,100.0,II,ROUTING_RESULT,candidate_160|threshold_0.70|ketgpt_quantum_on_low_conf,160.0,0.7,
kmnist,550,6.0,table2/adaptive160/seed_550.csv,5,1790149389.0,0.632,0.6713757558618244,0.6359776830009366,0.6325124762171968,0.9169536777485984,48.72627258300781,,,,,,,,,,0.0,II,ROUTING_RESULT,candidate_160|threshold_0.70|adaptive_classical,160.0,0.7,
kmnist,550,6.0,table2/adaptive160/seed_550.csv,6,1790149389.0,0.632,0.6465054035833416,0.6363823438045751,0.6304139279525348,0.91733655031451,6035.533380746841,,,,,,,,,,100.0,II,ROUTING_RESULT,candidate_160|threshold_0.70|adaptive_ketgpt_qtl,160.0,0.7,
kmnist,550,6.0,table2/adaptive160/seed_550.csv,7,1790149389.0,0.564650059311981,0.606785094926618,0.5643839212619655,0.558485112005513,0.8909006414559807,24.444276809692383,,,,,,,,,,0.0,II,ROUTING_RESULT,candidate_160|threshold_0.80|matched_mlp_on_low_conf,160.0,0.8,
kmnist,550,6.0,table2/adaptive160/seed_550.csv,8,1790149389.0,0.5658362989323843,0.5692275561852732,0.558857555664278,0.5505298275001057,0.8885164982069009,6011.251384973526,,,,,,,,,,100.0,II,ROUTING_RESULT,candidate_160|threshold_0.80|ketgpt_quantum_on_low_conf,160.0,0.8,
kmnist,550,6.0,table2/adaptive160/seed_550.csv,9,1790149389.0,0.629,0.6685255150575126,0.6332235002467538,0.6295449186094191,0.9169599795831525,48.72627258300781,,,,,,,,,,0.0,II,ROUTING_RESULT,candidate_160|threshold_0.80|adaptive_classical,160.0,0.8,
kmnist,550,6.0,table2/adaptive160/seed_550.csv,10,1790149389.0,0.63,0.6444399922206627,0.6344431450018103,0.6286126012508277,0.9164549889183446,6035.533380746841,,,,,,,,,,100.0,II,ROUTING_RESULT,candidate_160|threshold_0.80|adaptive_ketgpt_qtl,160.0,0.8,
kmnist,550,6.0,table2/adaptive160/seed_550.csv,11,1790149389.0,0.6122661122661123,0.6514142721072745,0.6112683325383602,0.606808439325089,0.9093277607197195,24.444276809692383,,,,,,,,,,0.0,II,ROUTING_RESULT,candidate_160|threshold_0.90|matched_mlp_on_low_conf,160.0,0.9,
kmnist,550,6.0,table2/adaptive160/seed_550.csv,12,1790149389.0,0.6143451143451143,0.62357539648529,0.612624301038147,0.6063748396535096,0.9082342433289442,6011.251384973526,,,,,,,,,,100.0,II,ROUTING_RESULT,candidate_160|threshold_0.90|ketgpt_quantum_on_low_conf,160.0,0.9,
kmnist,550,6.0,table2/adaptive160/seed_550.csv,13,1790149389.0,0.627,0.6670776482313563,0.631421698444952,0.6272731195487695,0.9160959481021224,48.72627258300781,,,,,,,,,,0.0,II,ROUTING_RESULT,candidate_160|threshold_0.90|adaptive_classical,160.0,0.9,
kmnist,550,6.0,table2/adaptive160/seed_550.csv,14,1790149389.0,0.629,0.643270374201593,0.6334330439917093,0.6276726301535616,0.9157806002039852,6035.533380746841,,,,,,,,,,100.0,II,ROUTING_RESULT,candidate_160|threshold_0.90|adaptive_ketgpt_qtl,160.0,0.9,
kmnist,2026,6.0,table2/adaptive160/seed_2026.csv,0,1790149167.0,0.624,0.6629892994550288,0.6290738294062743,0.627146055513731,0.9246568575057524,24.372313499450684,,,,,,,,,,0.0,II,COMPONENT_RESULT,candidate_160,160.0,,confidence_linear
kmnist,2026,6.0,table2/adaptive160/seed_2026.csv,1,1790149167.0,0.612,0.6544988560021819,0.6168876836839396,0.6132134055559251,0.916961602006298,24.41218852996826,,,,,,,,,,0.0,II,COMPONENT_RESULT,candidate_160,160.0,,matched_mlp
kmnist,2026,6.0,table2/adaptive160/seed_2026.csv,2,1790149167.0,0.619,0.6529376023705009,0.6227258729472639,0.6206009165878412,0.914981395136406,5791.933180809021,,,,,,,,,,100.0,II,COMPONENT_RESULT,candidate_160,160.0,,ketgpt_quantum
kmnist,2026,6.0,table2/adaptive160/seed_2026.csv,3,1790149167.0,0.4878397711015736,0.5329968551913463,0.493369163669244,0.4800395780385922,0.8746883528382907,24.41218852996826,,,,,,,,,,0.0,II,ROUTING_RESULT,candidate_160|threshold_0.70|matched_mlp_on_low_conf,160.0,0.7,
kmnist,2026,6.0,table2/adaptive160/seed_2026.csv,4,1790149167.0,0.4949928469241774,0.5295454700717575,0.4955852706710409,0.4873884845179098,0.8757011914950169,5791.933180809021,,,,,,,,,,100.0,II,ROUTING_RESULT,candidate_160|threshold_0.70|ketgpt_quantum_on_low_conf,160.0,0.7,
kmnist,2026,6.0,table2/adaptive160/seed_2026.csv,5,1790149167.0,0.618,0.6573620840984712,0.6229850512345388,0.6187385320653647,0.917195814983902,48.78450202941895,,,,,,,,,,0.0,II,ROUTING_RESULT,candidate_160|threshold_0.70|adaptive_classical,160.0,0.7,
kmnist,2026,6.0,table2/adaptive160/seed_2026.csv,6,1790149167.0,0.623,0.6576179139091936,0.6269220941762241,0.624716446335557,0.9175773079654148,5816.305494308472,,,,,,,,,,100.0,II,ROUTING_RESULT,candidate_160|threshold_0.70|adaptive_ketgpt_qtl,160.0,0.7,
kmnist,2026,6.0,table2/adaptive160/seed_2026.csv,7,1790149167.0,0.5460048426150121,0.5845064116350392,0.5457104455074548,0.5349052984245593,0.8919761372973161,24.41218852996826,,,,,,,,,,0.0,II,ROUTING_RESULT,candidate_160|threshold_0.80|matched_mlp_on_low_conf,160.0,0.8,
kmnist,2026,6.0,table2/adaptive160/seed_2026.csv,8,1790149167.0,0.5569007263922519,0.5852321316502788,0.5528344316799945,0.5471786075451213,0.8923982489741208,5791.933180809021,,,,,,,,,,100.0,II,ROUTING_RESULT,candidate_160|threshold_0.80|ketgpt_quantum_on_low_conf,160.0,0.8,
kmnist,2026,6.0,table2/adaptive160/seed_2026.csv,9,1790149167.0,0.613,0.65447275191208,0.6178977846940407,0.6139714227943848,0.916634320309624,48.78450202941895,,,,,,,,,,0.0,II,ROUTING_RESULT,candidate_160|threshold_0.80|adaptive_classical,160.0,0.8,
kmnist,2026,6.0,table2/adaptive160/seed_2026.csv,10,1790149167.0,0.622,0.6562740136829808,0.625867249114956,0.6238715923650491,0.9163299888908234,5816.305494308472,,,,,,,,,,100.0,II,ROUTING_RESULT,candidate_160|threshold_0.80|adaptive_ketgpt_qtl,160.0,0.8,
kmnist,2026,6.0,table2/adaptive160/seed_2026.csv,11,1790149167.0,0.5991692627206646,0.6363318230157702,0.5988356837326629,0.5931678324799449,0.910505572219754,24.41218852996826,,,,,,,,,,0.0,II,ROUTING_RESULT,candidate_160|threshold_0.90|matched_mlp_on_low_conf,160.0,0.9,
kmnist,2026,6.0,table2/adaptive160/seed_2026.csv,12,1790149167.0,0.6064382139148494,0.6359662526476197,0.6054293978222371,0.6033832995511675,0.9095127127574048,5791.933180809021,,,,,,,,,,100.0,II,ROUTING_RESULT,candidate_160|threshold_0.90|ketgpt_quantum_on_low_conf,160.0,0.9,
kmnist,2026,6.0,table2/adaptive160/seed_2026.csv,13,1790149167.0,0.612,0.6544988560021819,0.6168876836839396,0.6132134055559251,0.9170069671661456,48.78450202941895,,,,,,,,,,0.0,II,ROUTING_RESULT,candidate_160|threshold_0.90|adaptive_classical,160.0,0.9,
kmnist,2026,6.0,table2/adaptive160/seed_2026.csv,14,1790149167.0,0.619,0.6528476089263148,0.6227258729472639,0.6206309412080298,0.9154613716050176,5816.305494308472,,,,,,,,,,100.0,II,ROUTING_RESULT,candidate_160|threshold_0.90|adaptive_ketgpt_qtl,160.0,0.9,
kmnist,1,10.0,table1/standard_qtl/seed_1_q6_d2.csv,0,1790144455.0,0.541,0.5064734115928788,0.5463622689796767,0.5176458878035597,0.8733884771404081,30885.07049679756,,,,,,,,,,100.0,I,TABLE1_RESULT,standard_qtl/q6_d2,,,
kmnist,42,10.0,table1/standard_qtl/seed_42_q4_d2.csv,0,1790143386.0,0.399,0.3987772300052446,0.3949723677414039,0.3755897310496635,0.8331090225386341,14839.621731758118,,,,,,,,,,100.0,I,TABLE1_RESULT,standard_qtl/q4_d2,,,
kmnist,48,10.0,table2/adaptive160/seed_48.csv,0,1790143244.0,0.705,0.7145043560206202,0.7064196034687623,0.704368522172955,0.9422087541100832,3.2900938987731934,,,,,,,,,,0.0,II,COMPONENT_RESULT,candidate_160,160.0,,confidence_linear
kmnist,48,10.0,table2/adaptive160/seed_48.csv,1,1790143244.0,0.662,0.6884888051359253,0.6650402973974524,0.6681472477925383,0.9240567721740286,3.892111301422119,,,,,,,,,,0.0,II,COMPONENT_RESULT,candidate_160,160.0,,matched_mlp
kmnist,48,10.0,table2/adaptive160/seed_48.csv,2,1790143244.0,0.688,0.710431239165741,0.6899013846745229,0.6869081445627285,0.936799345335554,10049.78884768486,,,,,,,,,,100.0,II,COMPONENT_RESULT,candidate_160,160.0,,ketgpt_quantum
kmnist,48,10.0,table2/adaptive160/seed_48.csv,3,1790143244.0,0.5121527777777778,0.5436996107308608,0.5061527930617417,0.5119232610364292,0.8684668096308693,3.892111301422119,,,,,,,,,,0.0,II,ROUTING_RESULT,candidate_160|threshold_0.70|matched_mlp_on_low_conf,160.0,0.7,
kmnist,48,10.0,table2/adaptive160/seed_48.csv,4,1790143244.0,0.5190972222222222,0.5540566768551417,0.5226256879324794,0.5114041341514842,0.8853663044077889,10049.78884768486,,,,,,,,,,100.0,II,ROUTING_RESULT,candidate_160|threshold_0.70|ketgpt_quantum_on_low_conf,160.0,0.7,
kmnist,48,10.0,table2/adaptive160/seed_48.csv,5,1790143244.0,0.686,0.7045143586697222,0.688845893317359,0.6909803634457422,0.9286671662799026,7.1822052001953125,,,,,,,,,,0.0,II,ROUTING_RESULT,candidate_160|threshold_0.70|adaptive_classical,160.0,0.7,
kmnist,48,10.0,table2/adaptive160/seed_48.csv,6,1790143244.0,0.69,0.7114155867276181,0.6921391152215881,0.6886492955486727,0.9402140620712954,10053.078941583632,,,,,,,,,,100.0,II,ROUTING_RESULT,candidate_160|threshold_0.70|adaptive_ketgpt_qtl,160.0,0.7,
kmnist,48,10.0,table2/adaptive160/seed_48.csv,7,1790143244.0,0.554093567251462,0.5804440979577242,0.5450044374109478,0.5500536361645405,0.8842054277078789,3.892111301422119,,,,,,,,,,0.0,II,ROUTING_RESULT,candidate_160|threshold_0.80|matched_mlp_on_low_conf,160.0,0.8,
kmnist,48,10.0,table2/adaptive160/seed_48.csv,8,1790143244.0,0.5745614035087719,0.5999847378549487,0.5708870340829829,0.5634207227057306,0.9004952573628641,10049.78884768486,,,,,,,,,,100.0,II,ROUTING_RESULT,candidate_160|threshold_0.80|ketgpt_quantum_on_low_conf,160.0,0.8,
kmnist,48,10.0,table2/adaptive160/seed_48.csv,9,1790143244.0,0.676,0.6984281227478283,0.6787609390170868,0.6816745302609033,0.9275055705952284,7.1822052001953125,,,,,,,,,,0.0,II,ROUTING_RESULT,candidate_160|threshold_0.80|adaptive_classical,160.0,0.8,
kmnist,48,10.0,table2/adaptive160/seed_48.csv,10,1790143244.0,0.69,0.7121557733133257,0.6918549171543711,0.6888723496227558,0.9395269070605567,10053.078941583632,,,,,,,,,,100.0,II,ROUTING_RESULT,candidate_160|threshold_0.80|adaptive_ketgpt_qtl,160.0,0.8,
kmnist,48,10.0,table2/adaptive160/seed_48.csv,11,1790143244.0,0.6118881118881119,0.6374006256817286,0.6090803260577046,0.6131081871132382,0.9034799042672004,3.892111301422119,,,,,,,,,,0.0,II,ROUTING_RESULT,candidate_160|threshold_0.90|matched_mlp_on_low_conf,160.0,0.9,
kmnist,48,10.0,table2/adaptive160/seed_48.csv,12,1790143244.0,0.6363636363636364,0.6562600334983931,0.6320201534306971,0.6265183770454068,0.9185681992785716,10049.78884768486,,,,,,,,,,100.0,II,ROUTING_RESULT,candidate_160|threshold_0.90|ketgpt_quantum_on_low_conf,160.0,0.9,
kmnist,48,10.0,table2/adaptive160/seed_48.csv,13,1790143244.0,0.667,0.6917425176946786,0.6701333330168038,0.6730028482522752,0.9252659313393596,7.1822052001953125,,,,,,,,,,0.0,II,ROUTING_RESULT,candidate_160|threshold_0.90|adaptive_classical,160.0,0.9,
kmnist,48,10.0,table2/adaptive160/seed_48.csv,14,1790143244.0,0.688,0.710431239165741,0.6899013846745229,0.6869081445627285,0.9380585588074328,10053.078941583632,,,,,,,,,,100.0,II,ROUTING_RESULT,candidate_160|threshold_0.90|adaptive_ketgpt_qtl,160.0,0.9,
kmnist,42,10.0,table1/standard_qtl/seed_42_q6_d1.csv,0,1790138331.0,0.348,0.3209764593647605,0.3513027392706115,0.2954215170012833,0.8110987782764087,12365.600315093994,,,,,,,,,,100.0,I,TABLE1_RESULT,standard_qtl/q6_d1,,,
kmnist,2026,9.0,table1/standard_qtl/seed_2026_q4_d1.csv,0,1790137564.0,0.262,0.2148988587653254,0.2695994999807899,0.2189680891451225,0.7513393044120095,5421.537202119827,,,,,,,,,,100.0,I,TABLE1_RESULT,standard_qtl/q4_d1,,,
kmnist,550,10.0,table1/standard_qtl/seed_550_q4_d1.csv,0,1790136491.0,0.288,0.1904685604474105,0.2902453666129817,0.2065699681005947,0.7683977184598683,4351.2446808815,,,,,,,,,,100.0,I,TABLE1_RESULT,standard_qtl/q4_d1,,,
kmnist,1,10.0,table1/standard_qtl/seed_1_q8_d1.csv,0,1790135004.0,0.347,0.3527542946137302,0.3538457367412131,0.3268989722116204,0.8055419043054843,21435.203119039536,,,,,,,,,,100.0,I,TABLE1_RESULT,standard_qtl/q8_d1,,,
kmnist,42,10.0,table2/adaptive160/seed_42.csv,0,1790133092.0,0.711,0.7353385670726138,0.7105761344737599,0.7122946801014437,0.9419492695195204,3.3219614028930664,,,,,,,,,,0.0,II,COMPONENT_RESULT,candidate_160,160.0,,confidence_linear
kmnist,42,10.0,table2/adaptive160/seed_42.csv,1,1790133092.0,0.67,0.6907278678586708,0.6744588388008836,0.6692112093247158,0.9310322022295224,3.925218343734741,,,,,,,,,,0.0,II,COMPONENT_RESULT,candidate_160,160.0,,matched_mlp
kmnist,42,10.0,table2/adaptive160/seed_42.csv,2,1790133092.0,0.683,0.7097942730984896,0.6871642890676525,0.6802663238356343,0.9408041114700936,10100.997403621674,,,,,,,,,,100.0,II,COMPONENT_RESULT,candidate_160,160.0,,ketgpt_quantum
kmnist,42,10.0,table2/adaptive160/seed_42.csv,3,1790133092.0,0.518796992481203,0.53579101956455,0.5285049199904168,0.5062323374277445,0.8774185495251237,3.925218343734741,,,,,,,,,,0.0,II,ROUTING_RESULT,candidate_160|threshold_0.70|matched_mlp_on_low_conf,160.0,0.7,
kmnist,42,10.0,table2/adaptive160/seed_42.csv,4,1790133092.0,0.5075187969924813,0.5338627461832264,0.5167648983184047,0.4902018474191888,0.8920065738686663,10100.997403621674,,,,,,,,,,100.0,II,ROUTING_RESULT,candidate_160|threshold_0.70|ketgpt_quantum_on_low_conf,160.0,0.7,
kmnist,42,10.0,table2/adaptive160/seed_42.csv,5,1790133092.0,0.698,0.7135995935653661,0.7016853438919719,0.6969664790683348,0.9339509321766536,7.247179746627808,,,,,,,,,,0.0,II,ROUTING_RESULT,candidate_160|threshold_0.70|adaptive_classical,160.0,0.7,
kmnist,42,10.0,table2/adaptive160/seed_42.csv,6,1790133092.0,0.692,0.7124545194904268,0.6955720153764995,0.6897392715442956,0.9395645017168076,10104.319365024568,,,,,,,,,,100.0,II,ROUTING_RESULT,candidate_160|threshold_0.70|adaptive_ketgpt_qtl,160.0,0.7,
kmnist,42,10.0,table2/adaptive160/seed_42.csv,7,1790133092.0,0.547112462006079,0.5645460315842232,0.5505712256188273,0.536082182509405,0.886366812645431,3.925218343734741,,,,,,,,,,0.0,II,ROUTING_RESULT,candidate_160|threshold_0.80|matched_mlp_on_low_conf,160.0,0.8,
kmnist,42,10.0,table2/adaptive160/seed_42.csv,8,1790133092.0,0.5501519756838906,0.5785211335623979,0.55649373416339,0.536440089311166,0.9001260976050556,10100.997403621674,,,,,,,,,,100.0,II,ROUTING_RESULT,candidate_160|threshold_0.80|ketgpt_quantum_on_low_conf,160.0,0.8,
kmnist,42,10.0,table2/adaptive160/seed_42.csv,9,1790133092.0,0.686,0.7047897581441235,0.6902655812622898,0.685151734658498,0.9349881613694178,7.247179746627808,,,,,,,,,,0.0,II,ROUTING_RESULT,candidate_160|threshold_0.80|adaptive_classical,160.0,0.8,
kmnist,42,10.0,table2/adaptive160/seed_42.csv,10,1790133092.0,0.688,0.7112146581446981,0.6921986691041604,0.6849323612772352,0.9409939991854956,10104.319365024568,,,,,,,,,,100.0,II,ROUTING_RESULT,candidate_160|threshold_0.80|adaptive_ketgpt_qtl,160.0,0.8,
kmnist,42,10.0,table2/adaptive160/seed_42.csv,11,1790133092.0,0.6007371007371007,0.617183657828176,0.5988122357632573,0.5898933464675048,0.9075578273079226,3.925218343734741,,,,,,,,,,0.0,II,ROUTING_RESULT,candidate_160|threshold_0.90|matched_mlp_on_low_conf,160.0,0.9,
kmnist,42,10.0,table2/adaptive160/seed_42.csv,12,1790133092.0,0.6167076167076168,0.6430543171796841,0.6164361637841366,0.6039082922261971,0.9190560315227032,10100.997403621674,,,,,,,,,,100.0,II,ROUTING_RESULT,candidate_160|threshold_0.90|ketgpt_quantum_on_low_conf,160.0,0.9,
kmnist,42,10.0,table2/adaptive160/seed_42.csv,13,1790133092.0,0.67,0.6915072229907848,0.6744588388008836,0.6696339084916053,0.932929428733626,7.247179746627808,,,,,,,,,,0.0,II,ROUTING_RESULT,candidate_160|threshold_0.90|adaptive_classical,160.0,0.9,
kmnist,42,10.0,table2/adaptive160/seed_42.csv,14,1790133092.0,0.683,0.7094549230764727,0.6872077106916212,0.6802917488869042,0.9411363983098068,10104.319365024568,,,,,,,,,,100.0,II,ROUTING_RESULT,candidate_160|threshold_0.90|adaptive_ketgpt_qtl,160.0,0.9,
kmnist,48,10.0,table1/standard_qtl/seed_48_q4_d1.csv,0,1790132080.0,0.304,0.3222326084421835,0.3043616971597023,0.2920894000822372,0.7968663538717209,5996.20746922493,,,,,,,,,,100.0,I,TABLE1_RESULT,standard_qtl/q4_d1,,,
kmnist,1,10.0,table1/standard_qtl/seed_1_q4_d2.csv,0,1790128493.0,0.364,0.3576204036694466,0.3654524505325056,0.3164280725956535,0.8406777551454176,14926.523512363434,,,,,,,,,,100.0,I,TABLE1_RESULT,standard_qtl/q4_d2,,,
kmnist,42,10.0,table1/standard_qtl/seed_42_q4_d1.csv,0,1790126032.0,0.417,0.3818090472444441,0.4205259555394402,0.3603450642039943,0.8399769551914655,6249.712804794312,,,,,,,,,,100.0,I,TABLE1_RESULT,standard_qtl/q4_d1,,,
kmnist,1,10.0,table1/standard_qtl/seed_1_q6_d1.csv,0,1790125909.0,0.314,0.2633021345831109,0.314627180850087,0.266156212858837,0.8194681469746913,12342.183728933334,,,,,,,,,,100.0,I,TABLE1_RESULT,standard_qtl/q6_d1,,,
kmnist,1,10.0,table2/adaptive160/seed_1.csv,0,1790122913.0,0.703,0.7252243437271744,0.7050162855171866,0.700793397530714,0.9415687809725796,3.3740439414978027,,,,,,,,,,0.0,II,COMPONENT_RESULT,candidate_160,160.0,,confidence_linear
kmnist,1,10.0,table2/adaptive160/seed_1.csv,1,1790122913.0,0.646,0.6558051149805049,0.6463919673322698,0.6428902798269839,0.9165880221880428,4.014153957366943,,,,,,,,,,0.0,II,COMPONENT_RESULT,candidate_160,160.0,,matched_mlp
kmnist,1,10.0,table2/adaptive160/seed_1.csv,2,1790122913.0,0.703,0.7168671340274648,0.7037162561844197,0.6993505748519645,0.9434119184457872,9324.361211061478,,,,,,,,,,100.0,II,COMPONENT_RESULT,candidate_160,160.0,,ketgpt_quantum
kmnist,1,10.0,table2/adaptive160/seed_1.csv,3,1790122913.0,0.476482617586912,0.4560015795422478,0.459847905864135,0.439344384588276,0.8545162861003635,4.014153957366943,,,,,,,,,,0.0,II,ROUTING_RESULT,candidate_160|threshold_0.70|matched_mlp_on_low_conf,160.0,0.7,
kmnist,1,10.0,table2/adaptive160/seed_1.csv,4,1790122913.0,0.5501022494887525,0.5287576955360077,0.5418426393487064,0.516080238268767,0.8954028570258385,9324.361211061478,,,,,,,,,,100.0,II,ROUTING_RESULT,candidate_160|threshold_0.70|ketgpt_quantum_on_low_conf,160.0,0.7,
kmnist,1,10.0,table2/adaptive160/seed_1.csv,5,1790122913.0,0.685,0.6948340379585367,0.6852188037068192,0.681536944878964,0.9288841436791304,7.388197898864746,,,,,,,,,,0.0,II,ROUTING_RESULT,candidate_160|threshold_0.70|adaptive_classical,160.0,0.7,
kmnist,1,10.0,table2/adaptive160/seed_1.csv,6,1790122913.0,0.721,0.7365508264181109,0.722154405063434,0.7167260131667821,0.944168807930386,9327.735255002975,,,,,,,,,,100.0,II,ROUTING_RESULT,candidate_160|threshold_0.70|adaptive_ketgpt_qtl,160.0,0.7,
kmnist,1,10.0,table2/adaptive160/seed_1.csv,7,1790122913.0,0.505564387917329,0.5010006517578962,0.497179889870286,0.4834923312099459,0.8699794160123668,4.014153957366943,,,,,,,,,,0.0,II,ROUTING_RESULT,candidate_160|threshold_0.80|matched_mlp_on_low_conf,160.0,0.8,
kmnist,1,10.0,table2/adaptive160/seed_1.csv,8,1790122913.0,0.5818759936406995,0.5847152329784018,0.5813822250711029,0.5654725159595453,0.90803129819935,9324.361211061478,,,,,,,,,,100.0,II,ROUTING_RESULT,candidate_160|threshold_0.80|ketgpt_quantum_on_low_conf,160.0,0.8,
kmnist,1,10.0,table2/adaptive160/seed_1.csv,9,1790122913.0,0.665,0.6737334472528603,0.664933752401403,0.6618158816297891,0.9245171677864884,7.388197898864746,,,,,,,,,,0.0,II,ROUTING_RESULT,candidate_160|threshold_0.80|adaptive_classical,160.0,0.8,
kmnist,1,10.0,table2/adaptive160/seed_1.csv,10,1790122913.0,0.713,0.7266023658874491,0.7138219154694103,0.7090082718239856,0.9442263136631242,9327.735255002975,,,,,,,,,,100.0,II,ROUTING_RESULT,candidate_160|threshold_0.80|adaptive_ketgpt_qtl,160.0,0.8,
kmnist,1,10.0,table2/adaptive160/seed_1.csv,11,1790122913.0,0.5730337078651685,0.5758025084276125,0.5644263095760463,0.5586938280293308,0.8914172244738718,4.014153957366943,,,,,,,,,,0.0,II,ROUTING_RESULT,candidate_160|threshold_0.90|matched_mlp_on_low_conf,160.0,0.9,
kmnist,1,10.0,table2/adaptive160/seed_1.csv,12,1790122913.0,0.6379525593008739,0.6492302634273579,0.6384350410206049,0.6296270014064738,0.92372401389392,9324.361211061478,,,,,,,,,,100.0,II,ROUTING_RESULT,candidate_160|threshold_0.90|ketgpt_quantum_on_low_conf,160.0,0.9,
kmnist,1,10.0,table2/adaptive160/seed_1.csv,13,1790122913.0,0.652,0.6622236296366287,0.6522655461580402,0.6492706286804343,0.9211078448123196,7.388197898864746,,,,,,,,,,0.0,II,ROUTING_RESULT,candidate_160|threshold_0.90|adaptive_classical,160.0,0.9,
kmnist,1,10.0,table2/adaptive160/seed_1.csv,14,1790122913.0,0.704,0.7179226726160383,0.7046686371368007,0.700350369582784,0.9439909197936476,9327.735255002975,,,,,,,,,,100.0,II,ROUTING_RESULT,candidate_160|threshold_0.90|adaptive_ketgpt_qtl,160.0,0.9,
kmnist,1,10.0,table1/standard_qtl/seed_1_q4_d1.csv,0,1790119724.0,0.342,0.3127571705216908,0.3396210427044814,0.2863080737881244,0.813679039069029,6159.495724439621,,,,,,,,,,100.0,I,TABLE1_RESULT,standard_qtl/q4_d1,,,
kmnist,2026,10.0,table1/classical/seed_2026.csv,0,1790113611.0,0.721,0.7352029379061116,0.7226191639341687,0.7209997951655925,0.9481726477431944,12.35543179512024,,,,,,,,,,0.0,I,TABLE1_RESULT,classical/linear,,,
kmnist,2026,10.0,table1/classical/seed_2026.csv,1,1790113611.0,0.654,0.6960728114575371,0.6542009283124064,0.6519741972773602,0.9227968000234448,12.674736976623535,,,,,,,,,,0.0,I,TABLE1_RESULT,classical/matched_mlp,,,
kmnist,550,10.0,table1/classical/seed_550.csv,0,1790113611.0,0.738,0.7430972352310469,0.7376762701641438,0.734570804532822,0.9480183990064808,12.227356195449827,,,,,,,,,,0.0,I,TABLE1_RESULT,classical/linear,,,
kmnist,550,10.0,table1/classical/seed_550.csv,1,1790113611.0,0.673,0.6963684681997027,0.6718008870558124,0.6730983703889433,0.9296319557435077,12.679469347000122,,,,,,,,,,0.0,I,TABLE1_RESULT,classical/matched_mlp,,,
kmnist,1,10.0,table1/classical/seed_1.csv,0,1790113565.0,0.687,0.7057997366756235,0.6892793086055597,0.686801012047907,0.9349958579739004,3.3368582725524902,,,,,,,,,,0.0,I,TABLE1_RESULT,classical/linear,,,
kmnist,1,10.0,table1/classical/seed_1.csv,1,1790113565.0,0.683,0.7183518690710599,0.6831537852341165,0.684630151374614,0.9284778756205048,3.9341983795166016,,,,,,,,,,0.0,I,TABLE1_RESULT,classical/matched_mlp,,,
kmnist,48,10.0,table1/classical/seed_48.csv,0,1790113565.0,0.718,0.7377497491502556,0.7184462748293667,0.7160685234919224,0.9438474537222472,3.3213090896606445,,,,,,,,,,0.0,I,TABLE1_RESULT,classical/linear,,,
kmnist,48,10.0,table1/classical/seed_48.csv,1,1790113565.0,0.685,0.6915586405108111,0.6874832894233187,0.6826772989421618,0.9337838884533656,3.925760507583618,,,,,,,,,,0.0,I,TABLE1_RESULT,classical/matched_mlp,,,
kmnist,42,10.0,table1/classical/seed_42.csv,0,1790113565.0,0.696,0.7264472707596967,0.6970856032282053,0.6982583023509558,0.9388976666530732,3.324553966522217,,,,,,,,,,0.0,I,TABLE1_RESULT,classical/linear,,,
kmnist,42,10.0,table1/classical/seed_42.csv,1,1790113565.0,0.702,0.7120741582630175,0.703572545983647,0.6993309882436457,0.9416805510852636,3.930082321166992,,,,,,,,,,0.0,I,TABLE1_RESULT,classical/matched_mlp,,,
svhn,48,10.0,table1/standard_qtl/seed_48_q6_d2.csv,0,1790207645.0,0.304,0.2036740885428574,0.2401795196849952,0.1834631319141389,0.7781001111946756,31302.519662857056,,,,,,,,,,100.0,I,TABLE1_RESULT,standard_qtl/q6_d2,,,
svhn,1,10.0,table1/standard_qtl/seed_1_q6_d4.csv,0,1790207140.0,0.383,0.3656927992249983,0.2940252708962112,0.2326278985693434,0.8105291192743624,93265.7031068802,,,,,,,,,,100.0,I,TABLE1_RESULT,standard_qtl/q6_d4,,,
svhn,42,10.0,table1/standard_qtl/seed_42_q4_d4.csv,0,1790199079.0,0.375,0.3328315584082968,0.281909803273522,0.2371414594468049,0.8140532384183417,42312.04681110382,,,,,,,,,,100.0,I,TABLE1_RESULT,standard_qtl/q4_d4,,,
svhn,1,10.0,table2/adaptive180/seed_1.csv,0,1790193319.0,0.496,0.4893707486981082,0.4577824436004473,0.459099721666743,0.8732752150522345,3.3018722534179688,,,,,,,,,,0.0,II,COMPONENT_RESULT,candidate_180,180.0,,confidence_linear
svhn,1,10.0,table2/adaptive180/seed_1.csv,1,1790193319.0,0.443,0.4031114236670279,0.39183616567741,0.3828139386138605,0.8566163766712604,3.893061876296997,,,,,,,,,,0.0,II,COMPONENT_RESULT,candidate_180,180.0,,matched_mlp
svhn,1,10.0,table2/adaptive180/seed_1.csv,2,1790193319.0,0.492,0.5171548049054322,0.4636684145579782,0.4710274068898578,0.8624828122324273,79379.85123372078,,,,,,,,,,100.0,II,COMPONENT_RESULT,candidate_180,180.0,,ketgpt_quantum
svhn,1,10.0,table2/adaptive180/seed_1.csv,3,1790193319.0,0.3624557260920897,0.3581408445841861,0.3467493797258369,0.3376812324983286,0.8305899463825023,3.893061876296997,,,,,,,,,,0.0,II,ROUTING_RESULT,candidate_180|threshold_0.70|matched_mlp_on_low_conf,180.0,0.7,
svhn,1,10.0,table2/adaptive180/seed_1.csv,4,1790193319.0,0.4203069657615112,0.4670418030184352,0.4156717554547565,0.4210514974061752,0.8375830339280241,79379.85123372078,,,,,,,,,,100.0,II,ROUTING_RESULT,candidate_180|threshold_0.70|ketgpt_quantum_on_low_conf,180.0,0.7,
svhn,1,10.0,table2/adaptive180/seed_1.csv,5,1790193319.0,0.443,0.4046028342063575,0.3923016388018492,0.383859973497657,0.8585387565818083,7.194934129714966,,,,,,,,,,0.0,II,ROUTING_RESULT,candidate_180|threshold_0.70|adaptive_classical,180.0,0.7,
svhn,1,10.0,table2/adaptive180/seed_1.csv,6,1790193319.0,0.492,0.5166516824157575,0.4640368272063485,0.4712250894859299,0.8655267908909984,79383.1531059742,,,,,,,,,,100.0,II,ROUTING_RESULT,candidate_180|threshold_0.70|adaptive_ketgpt_qtl,180.0,0.7,
svhn,1,10.0,table2/adaptive180/seed_1.csv,7,1790193319.0,0.3971553610503282,0.3818664794382793,0.371622408612266,0.3619810119901637,0.8409493789975728,3.893061876296997,,,,,,,,,,0.0,II,ROUTING_RESULT,candidate_180|threshold_0.80|matched_mlp_on_low_conf,180.0,0.8,
svhn,1,10.0,table2/adaptive180/seed_1.csv,8,1790193319.0,0.4507658643326039,0.4951264789703732,0.4423704012162142,0.4492064823280245,0.8481503738925433,79379.85123372078,,,,,,,,,,100.0,II,ROUTING_RESULT,candidate_180|threshold_0.80|ketgpt_quantum_on_low_conf,180.0,0.8,
svhn,1,10.0,table2/adaptive180/seed_1.csv,9,1790193319.0,0.444,0.4035867560205785,0.3924459217749709,0.3833605251614678,0.8572098843043362,7.194934129714966,,,,,,,,,,0.0,II,ROUTING_RESULT,candidate_180|threshold_0.80|adaptive_classical,180.0,0.8,
svhn,1,10.0,table2/adaptive180/seed_1.csv,10,1790193319.0,0.493,0.517887147767146,0.4642781706555392,0.4716887246780282,0.8640069692995317,79383.1531059742,,,,,,,,,,100.0,II,ROUTING_RESULT,candidate_180|threshold_0.80|adaptive_ketgpt_qtl,180.0,0.8,
svhn,1,10.0,table2/adaptive180/seed_1.csv,11,1790193319.0,0.4238341968911917,0.3958808992580221,0.3850948392755724,0.3757638298034704,0.8502727532573408,3.893061876296997,,,,,,,,,,0.0,II,ROUTING_RESULT,candidate_180|threshold_0.90|matched_mlp_on_low_conf,180.0,0.9,
svhn,1,10.0,table2/adaptive180/seed_1.csv,12,1790193319.0,0.4746113989637305,0.5096594605276723,0.4565520757117592,0.4637306232532336,0.8564039715002686,79379.85123372078,,,,,,,,,,100.0,II,ROUTING_RESULT,candidate_180|threshold_0.90|ketgpt_quantum_on_low_conf,180.0,0.9,
svhn,1,10.0,table2/adaptive180/seed_1.csv,13,1790193319.0,0.443,0.4031114236670279,0.39183616567741,0.3828139386138605,0.8569474632624617,7.194934129714966,,,,,,,,,,0.0,II,ROUTING_RESULT,candidate_180|threshold_0.90|adaptive_classical,180.0,0.9,
svhn,1,10.0,table2/adaptive180/seed_1.csv,14,1790193319.0,0.492,0.5171548049054322,0.4636684145579782,0.4710274068898578,0.8630216995478678,79383.1531059742,,,,,,,,,,100.0,II,ROUTING_RESULT,candidate_180|threshold_0.90|adaptive_ketgpt_qtl,180.0,0.9,
svhn,550,10.0,table1/standard_qtl/seed_550_q8_d1.csv,0,1790193042.0,0.334,0.223408385928111,0.2692649876602015,0.2216170952958576,0.7464860488082288,21029.01777100563,,,,,,,,,,100.0,I,TABLE1_RESULT,standard_qtl/q8_d1,,,
svhn,2026,10.0,table1/standard_qtl/seed_2026_q8_d1.csv,0,1790192917.0,0.332,0.16286914279877,0.2337769601932965,0.1892771329113793,0.7601861821916551,20904.69291782379,,,,,,,,,,100.0,I,TABLE1_RESULT,standard_qtl/q8_d1,,,
svhn,42,10.0,table1/standard_qtl/seed_42_q6_d2.csv,0,1790176285.0,0.382,0.4158905834796156,0.3016876053912747,0.2574120157875187,0.826330689148701,31046.976724624637,,,,,,,,,,100.0,I,TABLE1_RESULT,standard_qtl/q6_d2,,,
svhn,2026,10.0,table1/standard_qtl/seed_2026_q4_d2.csv,0,1790172372.0,0.37,0.2299040071803159,0.2820092626864249,0.2345774753189319,0.7895154002826825,14338.980705976486,,,,,,,,,,100.0,I,TABLE1_RESULT,standard_qtl/q4_d2,,,
svhn,48,10.0,table1/standard_qtl/seed_48_q8_d1.csv,0,1790171987.0,0.336,0.1370484756197012,0.243225371258245,0.1705778347006141,0.7770159298072279,21705.465090036392,,,,,,,,,,100.0,I,TABLE1_RESULT,standard_qtl/q8_d1,,,
svhn,550,9.0,table1/standard_qtl/seed_550_q4_d2.csv,0,1790171034.0,0.223,0.1627317818856298,0.1632094771565699,0.0879634125968999,0.6790458635893325,13000.854434251783,,,,,,,,,,100.0,I,TABLE1_RESULT,standard_qtl/q4_d2,,,
svhn,1,10.0,table1/standard_qtl/seed_1_q8_d2.csv,0,1790168355.0,0.371,0.2648799973702188,0.2695808868372377,0.2389473119366671,0.7916522657003866,54483.45001101494,,,,,,,,,,100.0,I,TABLE1_RESULT,standard_qtl/q8_d2,,,
svhn,2026,10.0,table1/standard_qtl/seed_2026_q6_d1.csv,0,1790160322.0,0.288,0.1753603402999703,0.213286953676281,0.1660419067935251,0.747197055547396,12743.556218862534,,,,,,,,,,100.0,I,TABLE1_RESULT,standard_qtl/q6_d1,,,
svhn,550,10.0,table1/standard_qtl/seed_550_q6_d1.csv,0,1790160037.0,0.335,0.1505644650036222,0.2328647239277409,0.173271551171395,0.739655507275489,12459.226086378098,,,,,,,,,,100.0,I,TABLE1_RESULT,standard_qtl/q6_d1,,,
svhn,48,10.0,table1/standard_qtl/seed_48_q4_d2.csv,0,1790157947.0,0.347,0.1907146766142326,0.2489586577906347,0.2059979803544017,0.7684464101817119,14753.50723195076,,,,,,,,,,100.0,I,TABLE1_RESULT,standard_qtl/q4_d2,,,
svhn,1,10.0,table1/standard_qtl/seed_1_q4_d4.csv,0,1790156730.0,0.385,0.3687684107225571,0.2899675612067636,0.23433402636178,0.8149217307992883,42863.59001278877,,,,,,,,,,100.0,I,TABLE1_RESULT,standard_qtl/q4_d4,,,
svhn,550,10.0,table2/adaptive160/seed_550.csv,0,1790152360.0,0.497,0.5007148555689722,0.4712887532388849,0.4760276183033915,0.8757582638987748,25.80933380126953,,,,,,,,,,0.0,II,COMPONENT_RESULT,candidate_160,160.0,,confidence_linear
svhn,550,6.0,table2/adaptive160/seed_550.csv,1,1790152360.0,0.446,0.3920056266470187,0.391120752879686,0.3785724556192061,0.8492481280568949,24.69753861427307,,,,,,,,,,0.0,II,COMPONENT_RESULT,candidate_160,160.0,,matched_mlp
svhn,550,9.0,table2/adaptive160/seed_550.csv,2,1790152360.0,0.44,0.4002424877785216,0.3786228642304959,0.3513509992637809,0.8471545323161538,8498.733558893204,,,,,,,,,,100.0,II,COMPONENT_RESULT,candidate_160,160.0,,ketgpt_quantum
svhn,550,6.0,table2/adaptive160/seed_550.csv,3,1790152360.0,0.3803967327887981,0.3592580812600035,0.3570576367321699,0.34368730723544,0.826006588181112,24.69753861427307,,,,,,,,,,0.0,II,ROUTING_RESULT,candidate_160|threshold_0.70|matched_mlp_on_low_conf,160.0,0.7,
svhn,550,9.0,table2/adaptive160/seed_550.csv,4,1790152360.0,0.3698949824970828,0.3495736760620338,0.3422109439579307,0.3132904425510439,0.8248036411440761,8498.733558893204,,,,,,,,,,100.0,II,ROUTING_RESULT,candidate_160|threshold_0.70|ketgpt_quantum_on_low_conf,160.0,0.7,
svhn,550,6.0,table2/adaptive160/seed_550.csv,5,1790152360.0,0.453,0.4974598420723047,0.399479722354423,0.3916877142431642,0.8536196050475617,50.5068724155426,,,,,,,,,,0.0,II,ROUTING_RESULT,candidate_160|threshold_0.70|adaptive_classical,160.0,0.7,
svhn,550,9.0,table2/adaptive160/seed_550.csv,6,1790152360.0,0.444,0.4167516812001525,0.3827342483418799,0.3584168431671586,0.8527711589998386,8524.542892694473,,,,,,,,,,100.0,II,ROUTING_RESULT,candidate_160|threshold_0.70|adaptive_ketgpt_qtl,160.0,0.7,
svhn,550,6.0,table2/adaptive160/seed_550.csv,7,1790152360.0,0.4028230184581976,0.3744284170702875,0.3756300100973303,0.3617366408697776,0.8352213011426912,24.69753861427307,,,,,,,,,,0.0,II,ROUTING_RESULT,candidate_160|threshold_0.80|matched_mlp_on_low_conf,160.0,0.8,
svhn,550,9.0,table2/adaptive160/seed_550.csv,8,1790152360.0,0.3973941368078176,0.3837521631005081,0.3643552869268148,0.3356536033557179,0.8337763657194271,8498.733558893204,,,,,,,,,,100.0,II,ROUTING_RESULT,candidate_160|threshold_0.80|ketgpt_quantum_on_low_conf,160.0,0.8,
svhn,550,6.0,table2/adaptive160/seed_550.csv,9,1790152360.0,0.446,0.3920056266470187,0.391120752879686,0.3785724556192061,0.8511463463624047,50.5068724155426,,,,,,,,,,0.0,II,ROUTING_RESULT,candidate_160|threshold_0.80|adaptive_classical,160.0,0.8,
svhn,550,9.0,table2/adaptive160/seed_550.csv,10,1790152360.0,0.441,0.4008280471224685,0.3791634047710364,0.3518921358863698,0.8503098027661284,8524.542892694473,,,,,,,,,,100.0,II,ROUTING_RESULT,candidate_160|threshold_0.80|adaptive_ketgpt_qtl,160.0,0.8,
svhn,550,6.0,table2/adaptive160/seed_550.csv,11,1790152360.0,0.4323770491803279,0.3872736059099729,0.3870712435915765,0.3740688401278677,0.8447712383538276,24.69753861427307,,,,,,,,,,0.0,II,ROUTING_RESULT,candidate_160|threshold_0.90|matched_mlp_on_low_conf,160.0,0.9,
svhn,550,9.0,table2/adaptive160/seed_550.csv,12,1790152360.0,0.4262295081967213,0.3955121816393639,0.3745495870448114,0.3468599204731107,0.8428571050853104,8498.733558893204,,,,,,,,,,100.0,II,ROUTING_RESULT,candidate_160|threshold_0.90|ketgpt_quantum_on_low_conf,160.0,0.9,
svhn,550,6.0,table2/adaptive160/seed_550.csv,13,1790152360.0,0.446,0.3920056266470187,0.391120752879686,0.3785724556192061,0.8498316930935961,50.5068724155426,,,,,,,,,,0.0,II,ROUTING_RESULT,candidate_160|threshold_0.90|adaptive_classical,160.0,0.9,
svhn,550,9.0,table2/adaptive160/seed_550.csv,14,1790152360.0,0.44,0.4002424877785216,0.3786228642304959,0.3513509992637809,0.8481452224104077,8524.542892694473,,,,,,,,,,100.0,II,ROUTING_RESULT,candidate_160|threshold_0.90|adaptive_ketgpt_qtl,160.0,0.9,
svhn,42,10.0,table1/standard_qtl/seed_42_q8_d1.csv,0,1790150214.0,0.342,0.1828726041126134,0.266900866209727,0.2161490334327351,0.7731357433538865,15131.473879814148,,,,,,,,,,100.0,I,TABLE1_RESULT,standard_qtl/q8_d1,,,
svhn,2026,6.0,table2/adaptive160/seed_2026.csv,0,1790149909.0,0.46,0.439253121524419,0.3923487274374074,0.3722691381905417,0.8605816409001402,24.87268614768982,,,,,,,,,,0.0,II,COMPONENT_RESULT,candidate_160,160.0,,confidence_linear
svhn,2026,6.0,table2/adaptive160/seed_2026.csv,1,1790149909.0,0.45,0.412438102510142,0.3956088288019562,0.3874212747357423,0.8558549616730456,25.348655700683597,,,,,,,,,,0.0,II,COMPONENT_RESULT,candidate_160,160.0,,matched_mlp
svhn,2026,6.0,table2/adaptive160/seed_2026.csv,2,1790149909.0,0.409,0.3384435183485854,0.3322002159115555,0.3123941086495713,0.8253098289887056,6031.709821462631,,,,,,,,,,100.0,II,COMPONENT_RESULT,candidate_160,160.0,,ketgpt_quantum
svhn,2026,6.0,table2/adaptive160/seed_2026.csv,3,1790149909.0,0.4157782515991471,0.3970080727193822,0.3832922789446454,0.3725921338683522,0.8437923259769388,25.348655700683597,,,,,,,,,,0.0,II,ROUTING_RESULT,candidate_160|threshold_0.70|matched_mlp_on_low_conf,160.0,0.7,
svhn,2026,6.0,table2/adaptive160/seed_2026.csv,4,1790149909.0,0.3720682302771855,0.3245378171955578,0.323252404028961,0.2981835069693513,0.8126621923089999,6031.709821462631,,,,,,,,,,100.0,II,ROUTING_RESULT,candidate_160|threshold_0.70|ketgpt_quantum_on_low_conf,160.0,0.7,
svhn,2026,6.0,table2/adaptive160/seed_2026.csv,5,1790149909.0,0.451,0.4129785809312697,0.3961493693424967,0.3879669877861172,0.8558438092391208,50.22134184837341,,,,,,,,,,0.0,II,ROUTING_RESULT,candidate_160|threshold_0.70|adaptive_classical,160.0,0.7,
svhn,2026,6.0,table2/adaptive160/seed_2026.csv,6,1790149909.0,0.41,0.3393742155929006,0.3336287873401269,0.3136090220844496,0.8282567300712632,6056.582507610321,,,,,,,,,,100.0,II,ROUTING_RESULT,candidate_160|threshold_0.70|adaptive_ketgpt_qtl,160.0,0.7,
svhn,2026,6.0,table2/adaptive160/seed_2026.csv,7,1790149909.0,0.4335736354273944,0.4070879112505366,0.3919913651844925,0.3824903140485739,0.850054935454357,25.348655700683597,,,,,,,,,,0.0,II,ROUTING_RESULT,candidate_160|threshold_0.80|matched_mlp_on_low_conf,160.0,0.8,
svhn,2026,6.0,table2/adaptive160/seed_2026.csv,8,1790149909.0,0.3913491246138002,0.333729547935796,0.3299895437008833,0.307552841016506,0.8197102993544508,6031.709821462631,,,,,,,,,,100.0,II,ROUTING_RESULT,candidate_160|threshold_0.80|ketgpt_quantum_on_low_conf,160.0,0.8,
svhn,2026,6.0,table2/adaptive160/seed_2026.csv,9,1790149909.0,0.45,0.412438102510142,0.3956088288019562,0.3874212747357423,0.855627576314769,50.22134184837341,,,,,,,,,,0.0,II,ROUTING_RESULT,candidate_160|threshold_0.80|adaptive_classical,160.0,0.8,
svhn,2026,6.0,table2/adaptive160/seed_2026.csv,10,1790149909.0,0.409,0.3384435183485854,0.3322002159115555,0.3123941086495713,0.8267785726636516,6056.582507610321,,,,,,,,,,100.0,II,ROUTING_RESULT,candidate_160|threshold_0.80|adaptive_ketgpt_qtl,160.0,0.8,
svhn,2026,6.0,table2/adaptive160/seed_2026.csv,11,1790149909.0,0.45,0.412438102510142,0.3956088288019562,0.3874212747357423,0.8558549616730456,25.348655700683597,,,,,,,,,,0.0,II,ROUTING_RESULT,candidate_160|threshold_0.90|matched_mlp_on_low_conf,160.0,0.9,
svhn,2026,6.0,table2/adaptive160/seed_2026.csv,12,1790149909.0,0.409,0.3384435183485854,0.3322002159115555,0.3123941086495713,0.8253098289887056,6031.709821462631,,,,,,,,,,100.0,II,ROUTING_RESULT,candidate_160|threshold_0.90|ketgpt_quantum_on_low_conf,160.0,0.9,
svhn,2026,6.0,table2/adaptive160/seed_2026.csv,13,1790149909.0,0.45,0.412438102510142,0.3956088288019562,0.3874212747357423,0.8558549616730456,50.22134184837341,,,,,,,,,,0.0,II,ROUTING_RESULT,candidate_160|threshold_0.90|adaptive_classical,160.0,0.9,
svhn,2026,6.0,table2/adaptive160/seed_2026.csv,14,1790149909.0,0.409,0.3384435183485854,0.3322002159115555,0.3123941086495713,0.8253098289887056,6056.582507610321,,,,,,,,,,100.0,II,ROUTING_RESULT,candidate_160|threshold_0.90|adaptive_ketgpt_qtl,160.0,0.9,
svhn,48,10.0,table1/standard_qtl/seed_48_q6_d1.csv,0,1790147519.0,0.336,0.2346034858928961,0.2368225955905803,0.1847314698516494,0.7905779602756565,8894.979594707489,,,,,,,,,,100.0,I,TABLE1_RESULT,standard_qtl/q6_d1,,,
svhn,1,10.0,table1/standard_qtl/seed_1_q6_d2.csv,0,1790145195.0,0.372,0.3016987370275599,0.3316304604548506,0.2987359837271765,0.8107342348471566,31329.034977436066,,,,,,,,,,100.0,I,TABLE1_RESULT,standard_qtl/q6_d2,,,
svhn,48,10.0,table2/adaptive160/seed_48.csv,0,1790143773.0,0.48,0.4813310612901382,0.4256593073215932,0.4267455134036099,0.8686946174194343,3.414502620697021,,,,,,,,,,0.0,II,COMPONENT_RESULT,candidate_160,160.0,,confidence_linear
svhn,48,10.0,table2/adaptive160/seed_48.csv,1,1790143773.0,0.488,0.4761460888039835,0.442030865131957,0.4298889840848252,0.8669326430107626,4.061368227005005,,,,,,,,,,0.0,II,COMPONENT_RESULT,candidate_160,160.0,,matched_mlp
svhn,48,10.0,table2/adaptive160/seed_48.csv,2,1790143773.0,0.498,0.4943859292356981,0.4536677864407814,0.449496016477352,0.8757052339593951,10045.139793157578,,,,,,,,,,100.0,II,COMPONENT_RESULT,candidate_160,160.0,,ketgpt_quantum
svhn,48,10.0,table2/adaptive160/seed_48.csv,3,1790143773.0,0.4371523915461624,0.4521687140407905,0.4184296879202417,0.4055446685699226,0.849405061455441,4.061368227005005,,,,,,,,,,0.0,II,ROUTING_RESULT,candidate_160|threshold_0.70|matched_mlp_on_low_conf,160.0,0.7,
svhn,48,10.0,table2/adaptive160/seed_48.csv,4,1790143773.0,0.4460511679644049,0.4696640278382665,0.4316561475986533,0.425852723951693,0.8569980459729838,10045.139793157578,,,,,,,,,,100.0,II,ROUTING_RESULT,candidate_160|threshold_0.70|ketgpt_quantum_on_low_conf,160.0,0.7,
svhn,48,10.0,table2/adaptive160/seed_48.csv,5,1790143773.0,0.49,0.4780524701868048,0.443111946213038,0.4313044602032194,0.8678875060139555,7.475870847702026,,,,,,,,,,0.0,II,ROUTING_RESULT,candidate_160|threshold_0.70|adaptive_classical,160.0,0.7,
svhn,48,10.0,table2/adaptive160/seed_48.csv,6,1790143773.0,0.498,0.4943859292356981,0.4536677864407814,0.449496016477352,0.8750785049594807,10048.554295778276,,,,,,,,,,100.0,II,ROUTING_RESULT,candidate_160|threshold_0.70|adaptive_ketgpt_qtl,160.0,0.7,
svhn,48,10.0,table2/adaptive160/seed_48.csv,7,1790143773.0,0.4545454545454545,0.461549417359486,0.4281181772537614,0.4154595390893703,0.8559957274924862,4.061368227005005,,,,,,,,,,0.0,II,ROUTING_RESULT,candidate_160|threshold_0.80|matched_mlp_on_low_conf,160.0,0.8,
svhn,48,10.0,table2/adaptive160/seed_48.csv,8,1790143773.0,0.46524064171123,0.4806159400346744,0.4418771571502916,0.4365336084097831,0.8640936793628693,10045.139793157578,,,,,,,,,,100.0,II,ROUTING_RESULT,candidate_160|threshold_0.80|ketgpt_quantum_on_low_conf,160.0,0.8,
svhn,48,10.0,table2/adaptive160/seed_48.csv,9,1790143773.0,0.488,0.4761460888039835,0.442030865131957,0.4298889840848252,0.8677056973146706,7.475870847702026,,,,,,,,,,0.0,II,ROUTING_RESULT,candidate_160|threshold_0.80|adaptive_classical,160.0,0.8,
svhn,48,10.0,table2/adaptive160/seed_48.csv,10,1790143773.0,0.498,0.4943859292356981,0.4536677864407814,0.449496016477352,0.8755091104948536,10048.554295778276,,,,,,,,,,100.0,II,ROUTING_RESULT,candidate_160|threshold_0.80|adaptive_ketgpt_qtl,160.0,0.8,
svhn,48,10.0,table2/adaptive160/seed_48.csv,11,1790143773.0,0.473792394655704,0.4706756053687919,0.4366835197996173,0.4244749484319191,0.8622339723860856,4.061368227005005,,,,,,,,,,0.0,II,ROUTING_RESULT,candidate_160|threshold_0.90|matched_mlp_on_low_conf,160.0,0.9,
svhn,48,10.0,table2/adaptive160/seed_48.csv,12,1790143773.0,0.4840698869475848,0.4891370558050065,0.4493039566610696,0.4445495933149664,0.8709732569988289,10045.139793157578,,,,,,,,,,100.0,II,ROUTING_RESULT,candidate_160|threshold_0.90|ketgpt_quantum_on_low_conf,160.0,0.9,
svhn,48,10.0,table2/adaptive160/seed_48.csv,13,1790143773.0,0.488,0.4761460888039835,0.442030865131957,0.4298889840848252,0.8673376316671929,7.475870847702026,,,,,,,,,,0.0,II,ROUTING_RESULT,candidate_160|threshold_0.90|adaptive_classical,160.0,0.9,
svhn,48,10.0,table2/adaptive160/seed_48.csv,14,1790143773.0,0.498,0.4943859292356981,0.4536677864407814,0.449496016477352,0.8758116875924177,10048.554295778276,,,,,,,,,,100.0,II,ROUTING_RESULT,candidate_160|threshold_0.90|adaptive_ketgpt_qtl,160.0,0.9,
svhn,42,10.0,table1/standard_qtl/seed_42_q4_d2.csv,0,1790143141.0,0.332,0.2015253097876937,0.2242286776159375,0.1627436437101131,0.7710211383025647,14775.421686172484,,,,,,,,,,100.0,I,TABLE1_RESULT,standard_qtl/q4_d2,,,
svhn,42,10.0,table1/standard_qtl/seed_42_q6_d1.csv,0,1790138603.0,0.288,0.1287808055254338,0.1937339533249791,0.1396313808545944,0.7326693852917042,12217.69100356102,,,,,,,,,,100.0,I,TABLE1_RESULT,standard_qtl/q6_d1,,,
svhn,550,10.0,table1/standard_qtl/seed_550_q4_d1.csv,0,1790136366.0,0.344,0.186794415010905,0.2640189871888959,0.2082041999196621,0.7970458521946597,4583.106655597687,,,,,,,,,,100.0,I,TABLE1_RESULT,standard_qtl/q4_d1,,,
svhn,2026,10.0,table1/standard_qtl/seed_2026_q4_d1.csv,0,1790136176.0,0.357,0.2657530134255284,0.2378265831237856,0.1768830938902002,0.7488375066732889,4392.779146432877,,,,,,,,,,100.0,I,TABLE1_RESULT,standard_qtl/q4_d1,,,
svhn,1,10.0,table1/standard_qtl/seed_1_q8_d1.csv,0,1790135060.0,0.282,0.1236170211506404,0.2027848701602678,0.1471825753478312,0.7425407128082723,21193.552708625797,,,,,,,,,,100.0,I,TABLE1_RESULT,standard_qtl/q8_d1,,,
svhn,42,10.0,table2/adaptive160/seed_42.csv,0,1790133637.0,0.519,0.5360761319710953,0.4721708183360045,0.4850504622340738,0.8788988763750203,3.4547080993652344,,,,,,,,,,0.0,II,COMPONENT_RESULT,candidate_160,160.0,,confidence_linear
svhn,42,10.0,table2/adaptive160/seed_42.csv,1,1790133637.0,0.448,0.478714540623604,0.3765406468663384,0.3668513252419926,0.8444267890554313,4.06764554977417,,,,,,,,,,0.0,II,COMPONENT_RESULT,candidate_160,160.0,,matched_mlp
svhn,42,10.0,table2/adaptive160/seed_42.csv,2,1790133637.0,0.498,0.4728900026037698,0.467317380683125,0.4560478272056525,0.8709750227888222,10088.40552163124,,,,,,,,,,100.0,II,COMPONENT_RESULT,candidate_160,160.0,,ketgpt_quantum
svhn,42,10.0,table2/adaptive160/seed_42.csv,3,1790133637.0,0.3540903540903541,0.4276143181850857,0.3291839613340754,0.3168088292460344,0.8125246987907151,4.06764554977417,,,,,,,,,,0.0,II,ROUTING_RESULT,candidate_160|threshold_0.70|matched_mlp_on_low_conf,160.0,0.7,
svhn,42,10.0,table2/adaptive160/seed_42.csv,4,1790133637.0,0.4139194139194139,0.4232161766228703,0.4228109531944629,0.4086787396985268,0.8413019443911853,10088.40552163124,,,,,,,,,,100.0,II,ROUTING_RESULT,candidate_160|threshold_0.70|ketgpt_quantum_on_low_conf,160.0,0.7,
svhn,42,10.0,table2/adaptive160/seed_42.csv,5,1790133637.0,0.449,0.4808271071242546,0.3777454661434468,0.3685313739948852,0.849471664663443,7.522353649139404,,,,,,,,,,0.0,II,ROUTING_RESULT,candidate_160|threshold_0.70|adaptive_classical,160.0,0.7,
svhn,42,10.0,table2/adaptive160/seed_42.csv,6,1790133637.0,0.498,0.4728900026037698,0.467317380683125,0.4560478272056525,0.8719230004328251,10091.860229730606,,,,,,,,,,100.0,II,ROUTING_RESULT,candidate_160|threshold_0.70|adaptive_ketgpt_qtl,160.0,0.7,
svhn,42,10.0,table2/adaptive160/seed_42.csv,7,1790133637.0,0.3828828828828828,0.4485174762837638,0.3493585850449612,0.3374871498230133,0.8228628844759157,4.06764554977417,,,,,,,,,,0.0,II,ROUTING_RESULT,candidate_160|threshold_0.80|matched_mlp_on_low_conf,160.0,0.8,
svhn,42,10.0,table2/adaptive160/seed_42.csv,8,1790133637.0,0.4391891891891892,0.4421951102997191,0.4385943660721383,0.4260809243341045,0.8495135596837304,10088.40552163124,,,,,,,,,,100.0,II,ROUTING_RESULT,candidate_160|threshold_0.80|ketgpt_quantum_on_low_conf,160.0,0.8,
svhn,42,10.0,table2/adaptive160/seed_42.csv,9,1790133637.0,0.448,0.478714540623604,0.3765406468663384,0.3668513252419926,0.8487124034521211,7.522353649139404,,,,,,,,,,0.0,II,ROUTING_RESULT,candidate_160|threshold_0.80|adaptive_classical,160.0,0.8,
svhn,42,10.0,table2/adaptive160/seed_42.csv,10,1790133637.0,0.498,0.4728900026037698,0.467317380683125,0.4560478272056525,0.8718301127423194,10091.860229730606,,,,,,,,,,100.0,II,ROUTING_RESULT,candidate_160|threshold_0.80|adaptive_ketgpt_qtl,160.0,0.8,
svhn,42,10.0,table2/adaptive160/seed_42.csv,11,1790133637.0,0.4225941422594142,0.4698181070423569,0.3694264713432296,0.3585325712627804,0.8356306444821143,4.06764554977417,,,,,,,,,,0.0,II,ROUTING_RESULT,candidate_160|threshold_0.90|matched_mlp_on_low_conf,160.0,0.9,
svhn,42,10.0,table2/adaptive160/seed_42.csv,12,1790133637.0,0.4748953974895397,0.4637380016465475,0.4593511135875662,0.4473476813438658,0.8625980886092881,10088.40552163124,,,,,,,,,,100.0,II,ROUTING_RESULT,candidate_160|threshold_0.90|ketgpt_quantum_on_low_conf,160.0,0.9,
svhn,42,10.0,table2/adaptive160/seed_42.csv,13,1790133637.0,0.448,0.478714540623604,0.3765406468663384,0.3668513252419926,0.8456464032314569,7.522353649139404,,,,,,,,,,0.0,II,ROUTING_RESULT,candidate_160|threshold_0.90|adaptive_classical,160.0,0.9,
svhn,42,10.0,table2/adaptive160/seed_42.csv,14,1790133637.0,0.498,0.4728900026037698,0.467317380683125,0.4560478272056525,0.8712599757032858,10091.860229730606,,,,,,,,,,100.0,II,ROUTING_RESULT,candidate_160|threshold_0.90|adaptive_ketgpt_qtl,160.0,0.9,
svhn,48,10.0,table1/standard_qtl/seed_48_q4_d1.csv,0,1790131752.0,0.338,0.1859783914968512,0.2538520638217302,0.1808826355326961,0.7729410178794149,5967.456632614136,,,,,,,,,,100.0,I,TABLE1_RESULT,standard_qtl/q4_d1,,,
svhn,1,10.0,table1/standard_qtl/seed_1_q4_d2.csv,0,1790128292.0,0.369,0.2340301525086053,0.2793512731779523,0.2423333248607523,0.7974386131860628,14430.20515203476,,,,,,,,,,100.0,I,TABLE1_RESULT,standard_qtl/q4_d2,,,
svhn,1,10.0,table1/standard_qtl/seed_1_q6_d1.csv,0,1790126348.0,0.319,0.2023250759525709,0.2369785714238105,0.1858200881254087,0.7696213704821029,12484.92016530037,,,,,,,,,,100.0,I,TABLE1_RESULT,standard_qtl/q6_d1,,,
svhn,42,10.0,table1/standard_qtl/seed_42_q4_d1.csv,0,1790125728.0,0.323,0.2369209517874372,0.2275846473369223,0.1509776259746773,0.7630494660911259,5945.568378448486,,,,,,,,,,100.0,I,TABLE1_RESULT,standard_qtl/q4_d1,,,
svhn,1,10.0,table2/adaptive160/seed_1.csv,0,1790123492.0,0.51,0.5186157438476455,0.4728752124386562,0.4789501469279859,0.8740342546347046,3.3149607181549072,,,,,,,,,,0.0,II,COMPONENT_RESULT,candidate_160,160.0,,confidence_linear
svhn,1,10.0,table2/adaptive160/seed_1.csv,1,1790123492.0,0.464,0.4515555151234385,0.4143329754659344,0.4062901893568869,0.8588962521708241,3.902634859085083,,,,,,,,,,0.0,II,COMPONENT_RESULT,candidate_160,160.0,,matched_mlp
svhn,1,10.0,table2/adaptive160/seed_1.csv,2,1790123492.0,0.507,0.4988262115379839,0.4520220167083545,0.4540653006394258,0.8689819233107837,9602.081985473633,,,,,,,,,,100.0,II,COMPONENT_RESULT,candidate_160,160.0,,ketgpt_quantum
svhn,1,10.0,table2/adaptive160/seed_1.csv,3,1790123492.0,0.3903868698710434,0.4103560113030785,0.3784581988874352,0.365161459421245,0.8325789839766576,3.902634859085083,,,,,,,,,,0.0,II,ROUTING_RESULT,candidate_160|threshold_0.70|matched_mlp_on_low_conf,160.0,0.7,
svhn,1,10.0,table2/adaptive160/seed_1.csv,4,1790123492.0,0.4431418522860492,0.4624015353305378,0.4198194777115949,0.4188783635793881,0.8451362390519561,9602.081985473633,,,,,,,,,,100.0,II,ROUTING_RESULT,candidate_160|threshold_0.70|ketgpt_quantum_on_low_conf,160.0,0.7,
svhn,1,10.0,table2/adaptive160/seed_1.csv,5,1790123492.0,0.465,0.4519321793892056,0.4147107673627136,0.4072523052541725,0.8592560201366064,7.21759557723999,,,,,,,,,,0.0,II,ROUTING_RESULT,candidate_160|threshold_0.70|adaptive_classical,160.0,0.7,
svhn,1,10.0,table2/adaptive160/seed_1.csv,6,1790123492.0,0.51,0.5014163055330275,0.4549845521124648,0.457109953113859,0.8699369541078417,9605.396946191788,,,,,,,,,,100.0,II,ROUTING_RESULT,candidate_160|threshold_0.70|adaptive_ketgpt_qtl,160.0,0.7,
svhn,1,10.0,table2/adaptive160/seed_1.csv,7,1790123492.0,0.4207650273224044,0.43114679880904,0.3974123932263256,0.3862195443978101,0.8436317812762899,3.902634859085083,,,,,,,,,,0.0,II,ROUTING_RESULT,candidate_160|threshold_0.80|matched_mlp_on_low_conf,160.0,0.8,
svhn,1,10.0,table2/adaptive160/seed_1.csv,8,1790123492.0,0.4666666666666667,0.4794539262467744,0.4347171221829392,0.4351170343142208,0.8540737523869529,9602.081985473633,,,,,,,,,,100.0,II,ROUTING_RESULT,candidate_160|threshold_0.80|ketgpt_quantum_on_low_conf,160.0,0.8,
svhn,1,10.0,table2/adaptive160/seed_1.csv,9,1790123492.0,0.465,0.452118275387883,0.4148735160064749,0.4068833536158729,0.8597964816452714,7.21759557723999,,,,,,,,,,0.0,II,ROUTING_RESULT,candidate_160|threshold_0.80|adaptive_classical,160.0,0.8,
svhn,1,10.0,table2/adaptive160/seed_1.csv,10,1790123492.0,0.507,0.4988262115379839,0.4520220167083545,0.4540653006394258,0.8693582917851543,9605.396946191788,,,,,,,,,,100.0,II,ROUTING_RESULT,candidate_160|threshold_0.80|adaptive_ketgpt_qtl,160.0,0.8,
svhn,1,10.0,table2/adaptive160/seed_1.csv,11,1790123492.0,0.4461697722567287,0.4453975380275385,0.409639649545701,0.4001802321261252,0.8527284997367021,3.902634859085083,,,,,,,,,,0.0,II,ROUTING_RESULT,candidate_160|threshold_0.90|matched_mlp_on_low_conf,160.0,0.9,
svhn,1,10.0,table2/adaptive160/seed_1.csv,12,1790123492.0,0.4906832298136646,0.49232034328764,0.4462364456494048,0.4478763953878801,0.8632647380604066,9602.081985473633,,,,,,,,,,100.0,II,ROUTING_RESULT,candidate_160|threshold_0.90|ketgpt_quantum_on_low_conf,160.0,0.9,
svhn,1,10.0,table2/adaptive160/seed_1.csv,13,1790123492.0,0.464,0.4515555151234385,0.4143329754659344,0.4062901893568869,0.8591322774142739,7.21759557723999,,,,,,,,,,0.0,II,ROUTING_RESULT,candidate_160|threshold_0.90|adaptive_classical,160.0,0.9,
svhn,1,10.0,table2/adaptive160/seed_1.csv,14,1790123492.0,0.507,0.4988262115379839,0.4520220167083545,0.4540653006394258,0.8693275463812883,9605.396946191788,,,,,,,,,,100.0,II,ROUTING_RESULT,candidate_160|threshold_0.90|adaptive_ketgpt_qtl,160.0,0.9,
svhn,1,10.0,table1/standard_qtl/seed_1_q4_d1.csv,0,1790119740.0,0.276,0.1290805286112292,0.1890310846301397,0.1348071613462529,0.7344881175113182,5879.833914756775,,,,,,,,,,100.0,I,TABLE1_RESULT,standard_qtl/q4_d1,,,
svhn,2026,10.0,table1/classical/seed_2026.csv,0,1790113972.0,0.505,0.4733047734017912,0.4442548642658154,0.4405731589567001,0.8754212175945966,12.158618927001951,,,,,,,,,,0.0,I,TABLE1_RESULT,classical/linear,,,
svhn,2026,10.0,table1/classical/seed_2026.csv,1,1790113972.0,0.432,0.4015062188000635,0.3801224244638971,0.3747180143747207,0.8501803188501732,12.494045495986938,,,,,,,,,,0.0,I,TABLE1_RESULT,classical/matched_mlp,,,
svhn,550,10.0,table1/classical/seed_550.csv,0,1790113969.0,0.505,0.5073858184825634,0.4683701699276147,0.4794839700577523,0.8749632752322866,12.271231412887571,,,,,,,,,,0.0,I,TABLE1_RESULT,classical/linear,,,
svhn,550,10.0,table1/classical/seed_550.csv,1,1790113969.0,0.463,0.4431907606413784,0.4169076939152195,0.4090448121249539,0.8584537689010621,12.595980644226074,,,,,,,,,,0.0,I,TABLE1_RESULT,classical/matched_mlp,,,
svhn,1,10.0,table1/classical/seed_1.csv,0,1790113861.0,0.481,0.4820973753248818,0.4484039878042775,0.4503675957458063,0.8717162988118211,3.2450742721557617,,,,,,,,,,0.0,I,TABLE1_RESULT,classical/linear,,,
svhn,1,10.0,table1/classical/seed_1.csv,1,1790113861.0,0.489,0.483940787316963,0.4558718039245305,0.4518934512600214,0.8719649586597132,3.839520215988159,,,,,,,,,,0.0,I,TABLE1_RESULT,classical/matched_mlp,,,
svhn,42,10.0,table1/classical/seed_42.csv,0,1790113861.0,0.513,0.508717460853292,0.469378987392622,0.4795130394863595,0.8761614479778153,3.3059797286987305,,,,,,,,,,0.0,I,TABLE1_RESULT,classical/linear,,,
svhn,42,10.0,table1/classical/seed_42.csv,1,1790113861.0,0.458,0.453796034737573,0.4211886917790237,0.4042931938761766,0.8582358417309044,3.90810489654541,,,,,,,,,,0.0,I,TABLE1_RESULT,classical/matched_mlp,,,
svhn,48,10.0,table1/classical/seed_48.csv,0,1790113861.0,0.506,0.503039013112254,0.4597405819669693,0.4597943365789461,0.8765363616478867,3.312136173248291,,,,,,,,,,0.0,I,TABLE1_RESULT,classical/linear,,,
svhn,48,10.0,table1/classical/seed_48.csv,1,1790113861.0,0.471,0.4791268047870516,0.4415150710875525,0.4480424954034768,0.8621756662031503,3.940810918807984,,,,,,,,,,0.0,I,TABLE1_RESULT,classical/matched_mlp,,,
